datetime,1. open,2. high,3. low,4. close,5. volume
2017-03-27,41.07,41.89,40.56,41.74,6050846.0
2017-03-28,41.83,42.93,41.55,42.6,6185811.0
2017-03-29,42.69,42.76,41.87,41.96,5331362.0
2017-03-30,41.85,42.64,41.79,42.54,3681356.0
2017-03-31,42.37,42.94,42.2745,42.3,5427748.0
2017-04-01,,,,,
2017-04-02,,,,,
2017-04-03,42.33,42.57,41.625,42.45,5764716.0
2017-04-04,42.09,42.23,40.82,40.9,7254678.0
2017-04-05,41.15,42.13,41.06,41.31,7012673.0
2017-04-06,41.4,41.96,41.16,41.72,3627608.0
2017-04-07,41.53,42.1,41.28,41.81,4136988.0
2017-04-08,,,,,
2017-04-09,,,,,
2017-04-10,41.81,42.67,41.62,42.32,4650522.0
2017-04-11,42.78,43.95,42.412,43.93,10269604.0
2017-04-12,44.79,45.35,43.83,43.96,9991117.0
2017-04-13,43.95,44.02,43.335,43.35,5504930.0
2017-04-14,,,,,
2017-04-15,,,,,
2017-04-16,,,,,
2017-04-17,43.47,44.25,43.36,44.23,4563213.0
2017-04-18,44.03,44.53,43.4,43.81,5809175.0
2017-04-19,44.07,44.775,43.9,44.4,6573440.0
2017-04-20,44.71,45.38,44.56,45.22,4956478.0
2017-04-21,45.5,45.5,44.985,45.15,5535986.0
2017-04-22,,,,,
2017-04-23,,,,,
2017-04-24,45.5,46.44,45.47,46.44,6335098.0
2017-04-25,46.8,47.39,46.38,46.61,5919626.0
2017-04-26,46.51,46.9,46.24,46.4,5796494.0
2017-04-27,43.91,44.21,42.41,43.98,18967730.0
2017-04-28,44.02,44.06,42.56,42.62,13275283.0
2017-04-29,,,,,
2017-04-30,,,,,
2017-05-01,42.76,42.96,42.01,42.08,8565716.0
2017-05-02,42.06,43.91,42.05,43.87,9299545.0
2017-05-03,43.67,44.17,43.42,43.92,5126034.0
2017-05-04,44.18,44.39,43.195,43.91,4415417.0
2017-05-05,44.0,44.52,43.77,44.51,5453917.0
2017-05-06,,,,,
2017-05-07,,,,,
2017-05-08,44.6,45.045,44.515,44.94,6185608.0
2017-05-09,45.4,47.3,45.25,47.08,11096614.0
2017-05-10,47.03,47.78,46.67,47.3,7338623.0
2017-05-11,47.21,47.24,45.65,46.54,5806048.0
2017-05-12,46.26,46.44,45.73,45.83,3862123.0
2017-05-13,,,,,
2017-05-14,,,,,
2017-05-15,45.7,46.99,45.69,46.68,5512463.0
2017-05-16,46.79,47.1329,44.74,46.94,4623545.0
2017-05-17,46.25,46.56,44.88,44.92,6876072.0
2017-05-18,44.4,45.4,44.38,44.65,6602158.0
2017-05-19,44.8,45.38,44.74,45.22,6687527.0
2017-05-20,,,,,
2017-05-21,,,,,
2017-05-22,45.33,46.25,45.33,46.21,4400137.0
2017-05-23,46.27,46.69,45.94,46.66,2973686.0
2017-05-24,46.74,47.43,46.65,46.77,3864587.0
2017-05-25,46.99,48.12,46.82,48.02,5427787.0
2017-05-26,47.79,48.82,47.7294,48.74,5949998.0
2017-05-27,,,,,
2017-05-28,,,,,
2017-05-29,,,,,
2017-05-30,48.32,48.5775,47.79,47.96,5436698.0
2017-05-31,48.2,48.48,47.53,48.41,4273743.0
2017-06-01,48.5,49.36,48.3,49.05,4386516.0
2017-06-02,49.56,50.47,49.37,49.52,7684697.0
2017-06-03,,,,,
2017-06-04,,,,,
2017-06-05,49.53,49.95,49.4,49.74,5408043.0
2017-06-06,49.47,50.1,49.32,49.74,4291568.0
2017-06-07,49.44,50.91,48.8,50.86,6963237.0
2017-06-08,50.86,51.87,50.41,51.43,6431436.0
2017-06-09,51.61,51.95,50.25,50.27,7127543.0
2017-06-10,,,,,
2017-06-11,,,,,
2017-06-12,50.1,50.22,48.1,49.48,8513651.0
2017-06-13,49.56,49.91,48.84,49.45,5131732.0
2017-06-14,49.64,49.7801,48.89,49.39,3984930.0
2017-06-15,49.14,49.32,48.37,49.11,4557782.0
2017-06-16,48.9,49.45,48.62,48.79,6307744.0
2017-06-17,,,,,
2017-06-18,,,,,
2017-06-19,49.13,49.72,48.815,49.66,4059026.0
2017-06-20,49.22,49.36,48.01,48.03,5994726.0
2017-06-21,48.33,48.64,48.13,48.43,3366286.0
2017-06-22,50.5,50.56,48.79,48.97,9782704.0
2017-06-23,49.0,49.1,48.47,48.63,8350816.0
2017-06-24,,,,,
2017-06-25,,,,,
2017-06-26,48.81,49.78,48.535,48.78,3968629.0
2017-06-27,48.6,49.555,48.5,48.5,4245854.0
2017-06-28,48.82,49.7956,48.81,49.25,4225760.0
2017-06-29,49.28,49.685,48.82,49.62,6128085.0
2017-06-30,49.92,50.51,49.6,50.32,6525310.0
2017-07-01,,,,,
2017-07-02,,,,,
2017-07-03,50.78,51.28,50.37,50.39,2906524.0
2017-07-04,,,,,
2017-07-05,50.44,51.545,50.18,51.26,5070913.0
2017-07-06,50.97,52.58,50.86,52.05,6931741.0
2017-07-07,52.3,53.38,52.18,53.03,6520375.0
2017-07-08,,,,,
2017-07-09,,,,,
2017-07-10,52.98,53.16,52.23,52.66,4555509.0
2017-07-11,52.58,52.66,51.47,51.61,4508499.0
2017-07-12,53.12,53.825,52.45,53.8,8285911.0
2017-07-13,53.4,54.48,53.15,53.81,5175817.0
2017-07-14,53.8,54.28,53.34,54.22,4502855.0
2017-07-15,,,,,
2017-07-16,,,,,
2017-07-17,54.21,54.28,53.85,53.87,3706492.0
2017-07-18,53.83,53.84,53.02,53.15,4076956.0
2017-07-19,52.26,53.19,51.78,52.61,5736483.0
2017-07-20,52.72,52.78,52.1,52.34,4710286.0
2017-07-21,52.13,52.55,51.45,51.91,4497969.0
2017-07-22,,,,,
2017-07-23,,,,,
2017-07-24,51.79,52.03,51.24,51.28,4791448.0
2017-07-25,51.5,51.9,50.545,50.61,4418723.0
2017-07-26,50.63,51.165,50.01,51.01,4550661.0
2017-07-27,50.34,50.34,48.75,50.0,10218887.0
2017-07-28,49.02,50.67,48.73,50.49,9128800.0
2017-07-29,,,,,
2017-07-30,,,,,
2017-07-31,50.85,51.23,50.035,50.44,5906251.0
2017-08-01,51.13,52.0,50.3236,51.06,5032504.0
2017-08-02,50.89,51.18,49.9,50.45,4675113.0
2017-08-03,50.56,51.195,50.36,50.55,3045137.0
2017-08-04,50.67,50.92,50.3852,50.8,2984078.0
2017-08-05,,,,,
2017-08-06,,,,,
2017-08-07,50.82,51.13,50.46,50.58,2950719.0
2017-08-08,50.68,50.78,49.89,50.0,4209888.0
2017-08-09,49.74,49.92,49.23,49.4,4980641.0
2017-08-10,49.03,49.34,48.19,48.55,5404314.0
2017-08-11,48.5,48.785,47.44,48.35,5593492.0
2017-08-12,,,,,
2017-08-13,,,,,
2017-08-14,48.86,49.17,48.5,48.81,2924548.0
2017-08-15,48.76,49.0,48.35,48.52,3096892.0
2017-08-16,48.64,48.73,48.27,48.41,4121023.0
2017-08-17,48.25,48.34,45.795,46.03,10233947.0
2017-08-18,46.3,46.3,45.44,45.55,6126179.0
2017-08-19,,,,,
2017-08-20,,,,,
2017-08-21,45.73,46.09,45.41,45.71,4285268.0
2017-08-22,45.85,45.93,45.325,45.41,4013769.0
2017-08-23,45.17,45.2431,43.52,43.97,8096269.0
2017-08-24,44.13,44.15,42.67,42.92,6965561.0
2017-08-25,43.09,45.43,43.01,45.25,11703422.0
2017-08-26,,,,,
2017-08-27,,,,,
2017-08-28,45.23,45.3718,44.78,44.95,6934633.0
2017-08-29,44.53,44.85,44.38,44.56,5183754.0
2017-08-30,44.54,44.765,43.89,44.32,5423261.0
2017-08-31,44.54,44.94,44.43,44.74,3772040.0
2017-09-01,44.85,45.47,44.65,45.31,4552601.0
2017-09-02,,,,,
2017-09-03,,,,,
2017-09-04,,,,,
2017-09-05,44.79,45.28,43.84,43.92,8422704.0
2017-09-06,43.09,44.68,42.6066,44.31,8689321.0
2017-09-07,44.19,44.625,43.5347,43.84,5054164.0
2017-09-08,43.81,44.11,43.49,43.6,4654498.0
2017-09-09,,,,,
2017-09-10,,,,,
2017-09-11,44.01,46.09,44.0,45.86,7809128.0
2017-09-12,45.9,46.48,45.63,46.29,6267200.0
2017-09-13,46.35,47.58,46.1,47.0,7275482.0
2017-09-14,46.79,46.94,46.12,46.19,5277796.0
2017-09-15,45.3,46.04,45.19,46.0,14713930.0
2017-09-16,,,,,
2017-09-17,,,,,
2017-09-18,46.02,46.3,45.27,45.31,4554928.0
2017-09-19,45.28,45.66,44.03,44.38,6841479.0
2017-09-20,44.92,45.56,44.46,45.42,4686008.0
2017-09-21,45.47,46.57,44.99,46.29,5721905.0
2017-09-22,46.57,47.46,46.35,47.06,5278531.0
2017-09-23,,,,,
2017-09-24,,,,,
2017-09-25,46.98,47.96,46.89,47.7,6238080.0
2017-09-26,47.84,48.26,47.23,47.58,4623840.0
2017-09-27,47.58,48.1,46.6301,46.85,6097038.0
2017-09-28,46.78,48.6,46.78,47.49,8325917.0
2017-09-29,47.49,47.85,47.23,47.49,4849003.0
2017-09-30,,,,,
2017-10-01,,,,,
2017-10-02,47.52,47.93,47.22,47.73,4880411.0
2017-10-03,47.66,50.59,47.63,50.51,10221703.0
2017-10-04,50.5,51.67,50.49,50.73,7053589.0
2017-10-05,50.85,50.99,50.26,50.56,4188443.0
2017-10-06,50.7,51.59,50.65,51.3,4203952.0
2017-10-07,,,,,
2017-10-08,,,,,
2017-10-09,51.23,51.4799,50.4,50.6,3686700.0
2017-10-10,52.0,53.25,51.98,53.03,9379816.0
2017-10-11,53.1,53.74,52.33,52.83,5351870.0
2017-10-12,52.72,52.83,52.34,52.65,2940391.0
2017-10-13,52.67,52.8611,52.2588,52.7,2957772.0
2017-10-14,,,,,
2017-10-15,,,,,
2017-10-16,52.52,52.68,51.93,52.27,3260053.0
2017-10-17,52.72,52.82,51.87,52.07,3640746.0
2017-10-18,52.11,52.4373,51.86,52.03,2481164.0
2017-10-19,51.57,51.83,49.6332,51.51,7442054.0
2017-10-20,51.56,52.24,51.53,51.93,3630120.0
2017-10-21,,,,,
2017-10-22,,,,,
2017-10-23,51.92,51.9499,50.87,50.98,3436560.0
2017-10-24,51.02,52.1,50.5501,51.95,3618803.0
2017-10-25,51.78,51.78,50.61,51.02,4606142.0
2017-10-26,52.0,53.19,48.32,48.61,12002600.0
2017-10-27,48.41,48.89,47.33,47.56,8573724.0
2017-10-28,,,,,
2017-10-29,,,,,
2017-10-30,47.65,47.67,46.83,47.25,5309893.0
2017-10-31,47.22,47.6,46.79,46.82,4547901.0
2017-11-01,48.0,48.2,47.37,47.84,4324799.0
2017-11-02,47.79,47.9291,47.09,47.36,2403196.0
2017-11-03,47.36,47.61,46.8,47.45,4036096.0
2017-11-04,,,,,
2017-11-05,,,,,
2017-11-06,47.46,48.1,47.28,47.51,4236152.0
2017-11-07,47.51,47.54,46.4,46.46,3701409.0
2017-11-08,46.42,46.98,45.84,46.37,3198779.0
2017-11-09,45.85,46.35,45.36,45.77,3540606.0
2017-11-10,45.64,46.12,45.56,45.82,2405481.0
2017-11-11,,,,,
2017-11-12,,,,,
2017-11-13,45.63,45.86,45.33,45.74,1731535.0
2017-11-14,45.3,45.97,45.27,45.81,1805289.0
2017-11-15,45.71,47.31,45.45,47.19,5218995.0
2017-11-16,47.26,48.06,47.24,47.68,4456318.0
2017-11-17,47.6,47.75,47.1883,47.39,2300688.0
2017-11-18,,,,,
2017-11-19,,,,,
2017-11-20,47.33,47.88,47.12,47.69,2416937.0
2017-11-21,47.89,48.92,47.54,48.65,2777846.0
2017-11-22,48.58,48.97,48.27,48.66,1883499.0
2017-11-23,,,,,
2017-11-24,48.66,48.76,48.35,48.56,1351201.0
2017-11-25,,,,,
2017-11-26,,,,,
2017-11-27,48.61,48.8336,48.3,48.42,2308859.0
2017-11-28,48.44,49.42,48.2,49.22,3748884.0
2017-11-29,49.38,51.16,48.66,49.25,8150150.0
2017-11-30,49.76,51.1116,49.3,50.49,5978487.0
2017-12-01,49.67,50.38,48.69,49.0,6191854.0
2017-12-02,,,,,
2017-12-03,,,,,
2017-12-04,50.1,51.47,49.65,49.93,7096721.0
2017-12-05,49.85,50.0,49.2099,49.47,3573259.0
2017-12-06,49.39,49.81,49.19,49.61,2789870.0
2017-12-07,49.53,50.9205,49.3,50.88,3015505.0
2017-12-08,51.23,51.79,50.93,51.02,3793349.0
2017-12-09,,,,,
2017-12-10,,,,,
2017-12-11,50.78,51.59,50.76,51.3,2785584.0
2017-12-12,51.27,51.53,50.38,50.47,2788331.0
2017-12-13,50.58,50.75,49.85,50.09,2755104.0
2017-12-14,50.59,51.36,50.075,50.21,4490177.0
2017-12-15,50.67,51.5,50.4,51.06,7929521.0
2017-12-16,,,,,
2017-12-17,,,,,
2017-12-18,51.25,51.66,51.25,51.49,3191046.0
2017-12-19,51.6,51.81,51.28,51.44,3007322.0
2017-12-20,51.57,52.1,51.17,51.92,5144156.0
2017-12-21,52.16,53.47,52.07,52.79,6910068.0
2017-12-22,52.72,52.88,52.42,52.59,2420149.0
2017-12-23,,,,,
2017-12-24,,,,,
2017-12-25,,,,,
2017-12-26,52.35,53.215,52.33,52.85,2772279.0
2017-12-27,52.8,52.88,52.06,52.4,2770411.0
2017-12-28,52.45,52.63,52.22,52.46,1576661.0
2017-12-29,52.42,52.82,52.01,52.03,2680572.0
2017-12-30,,,,,
2017-12-31,,,,,
2018-01-01,,,,,
2018-01-02,52.33,53.1,51.9,52.99,4060789.0
2018-01-03,52.86,52.86,52.055,52.34,5066630.0
2018-01-04,52.48,54.4,52.265,52.67,3551004.0
2018-01-05,52.78,52.8388,52.43,52.65,2951083.0
2018-01-06,,,,,
2018-01-07,,,,,
2018-01-08,52.6,52.64,51.93,52.13,3499793.0
2018-01-09,52.97,53.37,52.005,52.08,3387134.0
2018-01-10,53.23,54.02,52.88,53.78,7622514.0
2018-01-11,54.49,57.0,54.18,56.42,11304243.0
2018-01-12,56.56,58.73,56.56,58.47,7490353.0
2018-01-13,,,,,
2018-01-14,,,,,
2018-01-15,,,,,
2018-01-16,58.79,59.08,57.53,57.98,5263854.0
2018-01-17,58.31,58.58,57.8,58.16,3039127.0
2018-01-18,58.0,58.71,57.56,58.34,3949567.0
2018-01-19,58.59,58.59,57.76,58.06,3122989.0
2018-01-20,,,,,
2018-01-21,,,,,
2018-01-22,57.99,58.34,57.5305,58.1,3512066.0
2018-01-23,57.74,58.46,57.4,58.29,3121974.0
2018-01-24,54.35,55.46,53.45,54.79,16307891.0
2018-01-25,54.0,54.55,52.21,53.05,10110999.0
2018-01-26,53.65,53.9,52.34,53.07,6955935.0
2018-01-27,,,,,
2018-01-28,,,,,
2018-01-29,52.79,53.16,52.585,52.68,5908012.0
2018-01-30,52.45,53.05,52.36,52.59,4430353.0
2018-01-31,53.08,54.71,53.0,54.32,5852271.0
2018-02-01,54.0,54.64,53.59,53.88,3526322.0
2018-02-02,53.49,53.99,52.03,52.1,5074870.0
2018-02-03,,,,,
2018-02-04,,,,,
2018-02-05,51.99,52.39,49.75,49.76,5439532.0
2018-02-06,49.32,51.5,48.79,51.18,6679541.0
2018-02-07,50.91,51.98,50.89,51.4,4784551.0
2018-02-08,51.44,51.46,48.51,48.6,5501525.0
2018-02-09,49.7,49.73,46.33,48.36,6416929.0
2018-02-10,,,,,
2018-02-11,,,,,
2018-02-12,48.79,50.51,48.65,50.09,5422630.0
2018-02-13,49.7,50.92,49.64,50.87,3746713.0
2018-02-14,50.24,51.56,50.11,51.07,4928547.0
2018-02-15,51.45,51.88,50.94,51.67,3118731.0
2018-02-16,51.8,52.205,51.53,51.58,3861493.0
2018-02-17,,,,,
2018-02-18,,,,,
2018-02-19,,,,,
2018-02-20,51.23,52.23,51.1,51.72,3370618.0
2018-02-21,51.96,53.86,51.825,52.78,5368431.0
2018-02-22,53.24,53.41,52.6998,52.98,4353760.0
2018-02-23,53.3,53.48,52.72,53.39,3374064.0
2018-02-24,,,,,
2018-02-25,,,,,
2018-02-26,53.99,55.13,53.92,55.0,4954631.0
2018-02-27,54.89,55.6,54.24,54.26,4821958.0
2018-02-28,54.41,54.6,53.635,54.25,4015581.0
2018-03-01,54.14,55.31,53.2995,53.48,5895581.0
2018-03-02,52.9,53.415,51.87,53.18,4918160.0
2018-03-03,,,,,
2018-03-04,,,,,
2018-03-05,52.9,53.6939,52.69,53.19,3974757.0
2018-03-06,53.34,54.02,52.9,53.57,4273805.0
2018-03-07,53.12,54.17,53.04,54.11,3216908.0
2018-03-08,54.33,55.69,54.28,54.79,4120718.0
2018-03-09,55.05,56.08,54.65,56.07,3466720.0
2018-03-10,,,,,
2018-03-11,,,,,
2018-03-12,56.26,56.97,55.63,56.5,3177925.0
2018-03-13,56.86,57.44,56.03,56.23,4343055.0
2018-03-14,56.57,57.21,55.16,55.28,4262349.0
2018-03-15,55.35,55.56,54.93,55.17,2964323.0
2018-03-16,55.31,56.41,55.27,55.4,4455977.0
2018-03-17,,,,,
2018-03-18,,,,,
2018-03-19,55.33,55.69,54.19,54.62,3743641.0
2018-03-20,54.93,55.7,54.67,55.32,2497070.0
2018-03-21,54.21,54.61,53.165,54.09,4785030.0
2018-03-22,53.58,54.18,52.29,52.31,4820379.0
2018-03-23,52.63,53.1,50.99,51.01,3843474.0
2018-03-24,,,,,
2018-03-25,,,,,
2018-03-26,51.94,52.04,50.64,51.86,3185475.0
2018-03-27,52.3,52.35,50.55,50.9,2805331.0
2018-03-28,50.9,51.2615,50.05,50.85,4177492.0
2018-03-29,51.3,52.4301,51.03,51.96,3074062.0
2018-03-30,,,,,
2018-03-31,,,,,
2018-04-01,,,,,
2018-04-02,51.77,51.95,48.96,49.78,4185804.0
2018-04-03,50.23,51.55,49.57,51.47,3863347.0
2018-04-04,50.6,52.1,50.51,52.04,3955029.0
2018-04-05,52.5,53.08,51.83,52.14,3060904.0
2018-04-06,51.71,51.96,49.81,50.29,4302567.0
2018-04-07,,,,,
2018-04-08,,,,,
2018-04-09,50.5,50.86,49.74,49.82,4330098.0
2018-04-10,50.52,50.57,47.21,47.46,12815485.0
2018-04-11,47.15,47.46,45.37,45.4,10151133.0
2018-04-12,46.03,46.8,45.505,46.57,7040424.0
2018-04-13,46.75,47.05,45.75,45.87,5226252.0
2018-04-14,,,,,
2018-04-15,,,,,
2018-04-16,46.13,46.94,45.81,46.4,4516335.0
2018-04-17,46.75,47.03,45.62,45.75,6961108.0
2018-04-18,46.5,48.38,46.05,47.76,9170727.0
2018-04-19,47.53,47.77,46.41,46.88,5759268.0
2018-04-20,46.91,47.24,46.4358,46.78,5344735.0
2018-04-21,,,,,
2018-04-22,,,,,
2018-04-23,46.85,47.19,46.12,46.68,4221685.0
2018-04-24,46.72,47.17,45.11,45.69,3954263.0
2018-04-25,45.67,45.93,43.89,45.25,7847645.0
2018-04-26,43.49,43.8,40.65,42.37,20517346.0
2018-04-27,42.55,43.48,42.325,43.4,6955237.0
2018-04-28,,,,,
2018-04-29,,,,,
2018-04-30,43.5,43.81,42.76,42.93,6472855.0
2018-05-01,42.86,43.46,42.56,43.36,5341232.0
2018-05-02,43.23,43.41,42.19,42.24,6314448.0
2018-05-03,42.25,42.49,41.54,42.11,4700541.0
2018-05-04,41.75,43.45,41.75,42.86,5540878.0
2018-05-05,,,,,
2018-05-06,,,,,
2018-05-07,42.92,43.23,42.1235,42.44,5330964.0
2018-05-08,42.33,44.01,42.33,43.0,7766568.0
2018-05-09,42.93,43.16,41.47,41.5,8273672.0
2018-05-10,41.51,42.46,41.51,42.04,7931613.0
2018-05-11,42.08,42.66,42.02,42.6,6066657.0
2018-05-12,,,,,
2018-05-13,,,,,
2018-05-14,42.75,43.09,42.2,42.46,4201557.0
2018-05-15,42.02,43.4,41.6,43.19,6909578.0
2018-05-16,43.13,44.91,43.04,44.06,7493568.0
2018-05-17,43.9,44.512,43.49,43.63,5334099.0
2018-05-18,43.56,43.76,43.035,43.38,4216067.0
2018-05-19,,,,,
2018-05-20,,,,,
2018-05-21,43.74,44.7939,43.63,44.28,4930221.0
2018-05-22,44.5,45.04,42.83,42.88,6892448.0
2018-05-23,42.64,42.87,42.27,42.8,3915939.0
2018-05-24,42.94,43.89,42.7584,43.56,3855296.0
2018-05-25,43.82,45.82,43.8,44.91,6517255.0
2018-05-26,,,,,
2018-05-27,,,,,
2018-05-28,,,,,
2018-05-29,44.6,45.15,43.22,43.59,4531779.0
2018-05-30,43.68,43.825,42.66,43.3,5457878.0
2018-05-31,43.4,44.71,42.97,43.54,8540096.0
2018-06-01,44.05,44.09,43.35,44.0,5472271.0
2018-06-02,,,,,
2018-06-03,,,,,
2018-06-04,44.04,45.01,43.96,44.86,5685162.0
2018-06-05,44.78,45.0213,43.81,44.18,4975326.0
2018-06-06,43.45,44.23,42.88,44.19,6502470.0
2018-06-07,44.28,44.48,43.45,43.84,3728997.0
2018-06-08,43.96,43.969,42.96,43.11,6273041.0
2018-06-09,,,,,
2018-06-10,,,,,
2018-06-11,43.25,44.93,43.25,44.16,6440746.0
2018-06-12,44.23,44.3,43.09,43.41,5204620.0
2018-06-13,43.39,43.69,42.83,42.92,5988999.0
2018-06-14,43.06,43.49,42.8,43.08,4019334.0
2018-06-15,43.06,43.11,42.32,42.77,7031967.0
2018-06-16,,,,,
2018-06-17,,,,,
2018-06-18,42.63,42.68,41.94,42.44,5372079.0
2018-06-19,42.03,42.21,41.09,41.51,5575306.0
2018-06-20,41.65,42.34,41.35,42.03,4930567.0
2018-06-21,42.03,42.5,41.37,41.49,5025339.0
2018-06-22,41.46,42.41,41.02,41.35,9115147.0
2018-06-23,,,,,
2018-06-24,,,,,
2018-06-25,41.09,41.27,39.29,39.68,7126433.0
2018-06-26,39.87,39.96,38.99,39.09,6037359.0
2018-06-27,39.09,39.18,38.25,38.26,7391586.0
2018-06-28,38.33,38.53,37.06,38.2,7909702.0
2018-06-29,38.25,38.75,37.82,37.96,6032146.0
2018-06-30,,,,,
2018-07-01,,,,,
2018-07-02,37.74,38.395,37.44,38.36,3363452.0
2018-07-03,37.64,38.33,36.76,37.75,5645315.0
2018-07-04,,,,,
2018-07-05,37.85,38.18,37.52,37.99,6181460.0
2018-07-06,38.19,38.39,37.76,38.09,3695004.0
2018-07-07,,,,,
2018-07-08,,,,,
2018-07-09,38.21,39.41,38.07,39.31,4530423.0
2018-07-10,39.38,39.4,38.5,39.12,4909957.0
2018-07-11,38.31,38.34,35.9,35.96,24894183.0
2018-07-12,36.4,36.77,35.64,36.33,12226590.0
2018-07-13,36.31,37.26,36.14,37.12,10841910.0
2018-07-14,,,,,
2018-07-15,,,,,
2018-07-16,37.26,37.58,36.93,37.28,5358592.0
2018-07-17,37.1,38.05,37.08,37.38,6274419.0
2018-07-18,38.0,39.2,38.0,38.37,10297410.0
2018-07-19,38.32,38.38,37.545,38.13,4985234.0
2018-07-20,37.96,38.3823,37.8108,37.88,5303258.0
2018-07-21,,,,,
2018-07-22,,,,,
2018-07-23,37.65,38.22,37.36,38.04,4697307.0
2018-07-24,38.19,38.39,37.04,37.45,6415066.0
2018-07-25,37.32,38.34,37.32,38.19,7338068.0
2018-07-26,37.85,40.45,37.6,40.02,12832274.0
2018-07-27,39.93,40.859,39.51,39.69,8445143.0
2018-07-28,,,,,
2018-07-29,,,,,
2018-07-30,39.88,40.29,38.93,38.97,5746203.0
2018-07-31,39.26,39.87,39.14,39.54,5761144.0
2018-08-01,39.38,39.47,37.69,38.14,7080711.0
2018-08-02,37.86,38.12,37.35,37.93,5920730.0
2018-08-03,38.06,38.62,38.05,38.42,3975102.0
2018-08-04,,,,,
2018-08-05,,,,,
2018-08-06,38.26,38.49,37.87,38.41,3340207.0
2018-08-07,38.65,38.74,38.19,38.26,6427062.0
2018-08-08,38.41,38.86,38.22,38.38,3895478.0
2018-08-09,38.55,38.74,37.885,37.92,3699790.0
2018-08-10,37.75,37.79,36.445,37.26,7481823.0
2018-08-11,,,,,
2018-08-12,,,,,
2018-08-13,37.29,37.33,36.68,36.79,4052014.0
2018-08-14,36.84,37.555,36.83,37.09,3873119.0
2018-08-15,36.96,37.51,36.415,37.44,5599590.0
2018-08-16,37.75,38.455,37.44,38.16,5876946.0
2018-08-17,37.99,38.21,37.72,37.79,6365148.0
2018-08-18,,,,,
2018-08-19,,,,,
2018-08-20,38.04,40.1,37.99,39.99,9629081.0
2018-08-21,39.98,40.71,39.84,40.33,6491776.0
2018-08-22,40.08,40.19,39.14,39.19,5593343.0
2018-08-23,39.19,39.39,38.72,38.83,3931892.0
2018-08-24,38.9,39.15,38.5272,38.82,3561731.0
2018-08-25,,,,,
2018-08-26,,,,,
2018-08-27,39.02,39.82,39.02,39.52,11236016.0
2018-08-28,39.67,40.7,39.6,40.69,7373456.0
2018-08-29,40.66,41.04,40.25,40.5,4475067.0
2018-08-30,40.36,40.84,40.1504,40.4,4330210.0
2018-08-31,40.25,40.55,40.18,40.48,3464003.0
2018-09-01,,,,,
2018-09-02,,,,,
2018-09-03,,,,,
2018-09-04,40.32,41.34,40.32,40.77,7123152.0
2018-09-05,40.81,41.37,38.88,39.67,9738921.0
2018-09-06,39.48,39.69,38.2485,38.48,6917509.0
2018-09-07,38.31,39.27,38.15,38.43,4875809.0
2018-09-08,,,,,
2018-09-09,,,,,
2018-09-10,38.66,39.49,38.49,39.43,3901039.0
2018-09-11,39.33,40.305,39.065,40.18,5863979.0
2018-09-12,40.26,40.401,39.23,39.26,6103809.0
2018-09-13,39.49,40.06,39.42,39.48,4268883.0
2018-09-14,39.54,39.97,39.32,39.74,2905068.0
2018-09-15,,,,,
2018-09-16,,,,,
2018-09-17,39.7,40.545,39.7,40.32,5072753.0
2018-09-18,40.36,40.86,39.65,40.79,5548449.0
2018-09-19,40.79,41.7668,40.7,41.6,7413645.0
2018-09-20,41.82,42.17,41.19,41.89,6865565.0
2018-09-21,42.04,43.89,41.99,43.6,10743088.0
2018-09-22,,,,,
2018-09-23,,,,,
2018-09-24,43.27,43.3,41.85,41.98,7105075.0
2018-09-25,42.0,42.19,40.27,40.81,6744165.0
2018-09-26,40.84,41.48,40.78,41.04,4623712.0
2018-09-27,41.23,42.2,41.15,41.5,5654613.0
2018-09-28,41.37,41.955,40.7,41.33,5030569.0
2018-09-29,,,,,
2018-09-30,,,,,
2018-10-01,41.41,41.75,39.6,39.61,7213580.0
2018-10-02,39.6,39.6,38.4,38.5,7625022.0
2018-10-03,38.7,39.26,38.42,38.8,6370307.0
2018-10-04,38.8,39.01,37.48,37.92,5916661.0
2018-10-05,37.93,38.1275,36.21,36.44,9127017.0
2018-10-06,,,,,
2018-10-07,,,,,
2018-10-08,36.44,36.85,35.6,35.9,7879323.0
2018-10-09,36.3,36.39,33.41,33.55,19662644.0
2018-10-10,33.33,33.4,31.59,31.61,20539018.0
2018-10-11,32.3,32.75,30.75,31.27,17115781.0
2018-10-12,31.97,32.13,30.81,30.91,12905185.0
2018-10-13,,,,,
2018-10-14,,,,,
2018-10-15,31.0,32.24,30.82,31.78,11092524.0
2018-10-16,32.06,33.44,31.98,33.28,11339164.0
2018-10-17,34.45,35.4,33.53,33.57,15068551.0
2018-10-18,33.58,33.759,31.87,32.06,12778275.0
2018-10-19,32.09,32.65,31.81,32.04,10445246.0
2018-10-20,,,,,
2018-10-21,,,,,
2018-10-22,32.27,32.52,31.82,32.16,7572134.0
2018-10-23,31.53,32.44,30.6,32.38,12468259.0
2018-10-24,32.48,32.75,30.24,30.34,15348177.0
2018-10-25,31.19,33.33,31.12,32.37,18375181.0
2018-10-26,31.4,33.01,31.3,32.46,11438628.0
2018-10-27,,,,,
2018-10-28,,,,,
2018-10-29,33.14,33.995,31.95,32.6,9405453.0
2018-10-30,32.44,34.78,32.33,34.66,13067628.0
2018-10-31,35.16,35.9,34.81,35.08,11132795.0
2018-11-01,35.3,36.47,35.07,36.37,9643154.0
2018-11-02,36.59,37.46,35.64,36.33,10039121.0
2018-11-03,,,,,
2018-11-04,,,,,
2018-11-05,36.35,36.52,35.13,35.72,11305331.0
2018-11-06,35.6,35.96,34.8399,35.17,11376726.0
2018-11-07,35.57,37.39,35.48,36.97,10903961.0
2018-11-08,36.77,37.05,35.97,36.86,6884753.0
2018-11-09,36.7,37.26,36.03,36.22,6794692.0
2018-11-10,,,,,
2018-11-11,,,,,
2018-11-12,36.31,37.3041,35.7777,36.86,9360761.0
2018-11-13,37.15,38.42,37.1,37.78,9694207.0
2018-11-14,38.0,38.59,37.45,38.11,7288643.0
2018-11-15,37.87,38.16,36.3101,37.82,8296755.0
2018-11-16,37.4,37.53,36.5,36.75,10645828.0
2018-11-17,,,,,
2018-11-18,,,,,
2018-11-19,36.76,37.08,35.305,35.82,9420974.0
2018-11-20,35.05,36.39,34.86,35.59,7059833.0
2018-11-21,36.09,37.51,35.97,36.31,8701536.0
2018-11-22,,,,,
2018-11-23,36.66,38.27,36.66,37.95,6121272.0
2018-11-24,,,,,
2018-11-25,,,,,
2018-11-26,38.3,38.62,37.7001,38.1,9203089.0
2018-11-27,38.21,38.765,37.81,38.29,8143233.0
2018-11-28,38.59,38.97,37.78,38.94,6673828.0
2018-11-29,38.8,39.34,38.4,38.42,5178376.0
2018-11-30,38.42,40.2,38.42,40.16,10015654.0
2018-12-01,,,,,
2018-12-02,,,,,
2018-12-03,40.57,40.58,39.135,39.65,6577686.0
2018-12-04,38.82,39.205,36.67,36.69,12315077.0
2018-12-05,,,,,
2018-12-06,36.0,37.1,35.79,36.94,9378907.0
2018-12-07,36.58,36.6,33.38,33.57,14380116.0
2018-12-08,,,,,
2018-12-09,,,,,
2018-12-10,33.67,34.17,32.61,33.84,8569141.0
2018-12-11,34.36,34.81,33.61,34.1,8055448.0
2018-12-12,34.55,34.7864,34.089,34.35,7630516.0
2018-12-13,34.3,34.69,32.38,32.46,10279702.0
2018-12-14,32.27,33.2741,32.08,32.41,8558597.0
2018-12-15,,,,,
2018-12-16,,,,,
2018-12-17,32.3,32.8616,31.695,32.04,7638105.0
2018-12-18,32.47,33.645,32.47,33.54,9117596.0
2018-12-19,33.46,33.98,32.23,32.42,8120520.0
2018-12-20,32.34,32.68,30.95,31.89,9439595.0
2018-12-21,31.95,32.65,30.65,30.78,11800633.0
2018-12-22,,,,,
2018-12-23,,,,,
2018-12-24,30.51,30.92,29.67,29.72,5901991.0
2018-12-25,,,,,
2018-12-26,30.12,32.33,29.59,32.29,8621261.0
2018-12-27,31.71,32.05,30.865,32.04,7751743.0
2018-12-28,32.17,32.6,31.51,31.83,6379455.0
2018-12-29,,,,,
2018-12-30,,,,,
2018-12-31,32.09,32.62,31.68,32.11,5334664.0
2019-01-01,,,,,
2019-01-02,31.46,32.65,31.05,32.48,5229460.0
2019-01-03,31.69,31.8535,28.81,30.06,16821991.0
2019-01-04,30.44,32.09,30.4,32.04,9369633.0
2019-01-05,,,,,
2019-01-06,,,,,
2019-01-07,31.99,33.4804,31.24,32.95,8010692.0
2019-01-08,33.36,33.65,32.2,32.42,7107729.0
2019-01-09,32.42,33.55,32.3,33.42,6179397.0
2019-01-10,30.62,32.21,29.78,32.04,19726307.0
2019-01-11,31.8,31.989,31.1,31.8,6900397.0
2019-01-12,,,,,
2019-01-13,,,,,
2019-01-14,31.4,31.93,30.7,31.71,5878522.0
2019-01-15,31.88,32.86,31.63,32.1,7643059.0
2019-01-16,32.82,33.67,32.74,32.84,9141554.0
2019-01-17,32.75,33.89,32.6311,33.58,5917547.0
2019-01-18,33.84,34.04,33.1538,33.97,5817716.0
2019-01-19,,,,,
2019-01-20,,,,,
2019-01-21,,,,,
2019-01-22,33.76,33.8804,32.45,32.74,14598203.0
2019-01-23,32.93,33.1,31.39,31.65,14317926.0
2019-01-24,34.26,34.35,32.83,33.66,15531138.0
2019-01-25,33.94,35.5,33.76,34.98,15933789.0
2019-01-26,,,,,
2019-01-27,,,,,
2019-01-28,34.53,36.62,34.5,36.57,14843458.0
2019-01-29,36.76,37.08,36.07,36.29,8744324.0
2019-01-30,36.43,36.68,36.17,36.34,7435617.0
2019-01-31,36.31,36.55,35.55,35.77,7706585.0
2019-02-01,35.77,36.59,35.77,36.11,6612246.0
2019-02-02,,,,,
2019-02-03,,,,,
2019-02-04,36.16,36.81,36.12,36.78,9089334.0
2019-02-05,36.81,37.23,36.7,36.93,6003162.0
2019-02-06,36.8,37.09,36.61,36.76,5802821.0
2019-02-07,36.46,36.7,35.94,36.17,5857278.0
2019-02-08,35.8,36.23,35.39,36.0,4973284.0
2019-02-09,,,,,
2019-02-10,,,,,
2019-02-11,36.08,36.7173,36.08,36.59,4932635.0
2019-02-12,36.76,37.17,35.67,35.75,6883189.0
2019-02-13,35.83,36.4632,35.81,36.21,5837850.0
2019-02-14,35.91,36.525,35.67,36.11,4070020.0
2019-02-15,36.24,36.34,34.96,35.05,11471877.0
2019-02-16,,,,,
2019-02-17,,,,,
2019-02-18,,,,,
2019-02-19,35.03,35.9,35.0,35.47,6436150.0
2019-02-20,35.0,35.24,34.77,35.06,6969932.0
2019-02-21,34.98,35.51,34.825,34.98,5900744.0
2019-02-22,35.0,35.55,35.0,35.49,5393564.0
2019-02-23,,,,,
2019-02-24,,,,,
2019-02-25,35.75,36.3799,35.67,35.9,10905926.0
2019-02-26,35.9,36.725,35.75,36.25,7565026.0
2019-02-27,36.11,36.33,35.2681,35.69,5874912.0
2019-02-28,35.63,35.89,35.1699,35.63,7873833.0
2019-03-01,35.58,35.96,34.37,34.64,8654044.0
2019-03-02,,,,,
2019-03-03,,,,,
2019-03-04,34.76,34.89,33.5,33.72,6998090.0
2019-03-05,34.03,34.38,33.17,33.23,7405708.0
2019-03-06,33.22,33.415,32.515,32.76,6421016.0
2019-03-07,32.7,32.7,31.6177,32.22,7112375.0
2019-03-08,31.9,32.115,31.37,31.91,6200496.0
2019-03-09,,,,,
2019-03-10,,,,,
2019-03-11,31.64,32.27,31.57,32.05,8943989.0
2019-03-12,32.19,32.19,30.88,30.92,10887514.0
2019-03-13,31.22,31.925,31.0,31.84,11092869.0
2019-03-14,31.96,32.47,31.88,32.13,6454467.0
2019-03-15,32.28,32.35,31.415,31.43,9645120.0
2019-03-16,,,,,
2019-03-17,,,,,
2019-03-18,31.5,31.58,31.03,31.38,6832714.0
2019-03-19,31.5,32.12,31.38,31.59,6824528.0
2019-03-20,31.5,31.55,30.77,30.96,6250188.0
2019-03-21,30.89,31.77,30.79,31.45,5725099.0
2019-03-22,31.32,31.44,30.53,30.57,7488905.0
2019-03-23,,,,,
2019-03-24,,,,,
2019-03-25,30.53,30.7151,30.16,30.21,5172082.0
2019-03-26,30.51,30.62,29.97,30.21,4583398.0
2019-03-27,30.27,31.2,30.15,30.94,6406918.0
2019-03-28,31.01,31.37,30.44,30.9,6687159.0
2019-03-29,31.14,31.885,30.835,31.76,6980750.0
2019-03-30,,,,,
2019-03-31,,,,,
2019-04-01,31.98,32.7263,31.7,32.35,7438163.0
2019-04-02,33.04,33.47,32.46,32.99,10406109.0
2019-04-03,33.22,33.99,33.21,33.71,10047441.0
2019-04-04,33.96,34.12,33.35,33.93,6192282.0
2019-04-05,33.97,34.4,33.88,34.06,5164739.0
2019-04-06,,,,,
2019-04-07,,,,,
2019-04-08,33.64,33.9529,33.44,33.88,6219761.0
2019-04-09,33.37,33.52,32.6,33.31,8119440.0
2019-04-10,33.76,34.13,33.09,34.02,7159491.0
2019-04-11,33.99,34.97,33.91,34.81,7352414.0
2019-04-12,34.99,35.235,34.5,34.69,4610524.0
2019-04-13,,,,,
2019-04-14,,,,,
2019-04-15,34.65,35.24,33.68,33.75,6390646.0
2019-04-16,33.96,34.09,33.59,34.03,4498401.0
2019-04-17,34.45,34.72,34.1031,34.38,3772085.0
2019-04-18,34.43,34.6199,33.9,34.37,3318455.0
2019-04-19,,,,,
2019-04-20,,,,,
2019-04-21,,,,,
2019-04-22,34.1,34.2,33.425,33.48,3884219.0
2019-04-23,33.43,34.18,33.42,33.97,3330172.0
2019-04-24,33.92,34.49,33.9,33.99,3739803.0
2019-04-25,34.05,34.25,33.13,33.41,6156450.0
2019-04-26,32.15,33.92,32.1,33.06,9623134.0
2019-04-27,,,,,
2019-04-28,,,,,
2019-04-29,33.51,33.99,33.31,33.77,5558233.0
2019-04-30,33.78,34.3899,33.55,34.18,5719774.0
2019-05-01,34.3,34.59,33.88,33.91,4466584.0
2019-05-02,33.96,34.855,33.84,33.95,5320302.0
2019-05-03,34.21,34.9,34.15,34.79,5181566.0
2019-05-04,,,,,
2019-05-05,,,,,
2019-05-06,34.25,34.77,33.72,34.75,4156800.0
2019-05-07,34.25,34.33,33.405,33.91,6957759.0
2019-05-08,33.7,34.38,33.56,33.75,4374098.0
2019-05-09,33.39,34.015,33.06,33.95,4500074.0
2019-05-10,33.72,34.19,32.941,33.99,4950021.0
2019-05-11,,,,,
2019-05-12,,,,,
2019-05-13,33.16,33.2,31.98,32.14,7040853.0
2019-05-14,32.19,32.65,32.0142,32.34,5504229.0
2019-05-15,32.03,32.415,31.55,32.16,4518716.0
2019-05-16,32.2,32.9,32.02,32.32,4739658.0
2019-05-17,32.03,32.36,31.69,31.74,4751627.0
2019-05-18,,,,,
2019-05-19,,,,,
2019-05-20,30.65,31.2162,30.22,30.96,7576174.0
2019-05-21,31.21,31.635,31.13,31.3,4987138.0
2019-05-22,31.23,31.23,29.81,29.92,10258687.0
2019-05-23,29.73,29.98,29.3099,29.5,11324613.0
2019-05-24,29.69,29.94,28.98,29.17,5764067.0
2019-05-25,,,,,
2019-05-26,,,,,
2019-05-27,,,,,
2019-05-28,29.26,29.32,28.5,28.73,8362841.0
2019-05-29,28.51,28.55,27.92,28.41,6248119.0
2019-05-30,28.5,28.745,27.99,28.17,4734058.0
2019-05-31,27.8,27.92,27.105,27.23,7441356.0
2019-06-01,,,,,
2019-06-02,,,,,
2019-06-03,27.12,27.81,27.02,27.2,6796311.0
2019-06-04,27.63,29.31,27.5,29.12,10218534.0
2019-06-05,29.76,30.45,29.46,30.36,8713660.0
2019-06-06,30.4,30.51,29.88,30.38,5507561.0
2019-06-07,30.59,31.15,30.43,30.92,4843551.0
2019-06-08,,,,,
2019-06-09,,,,,
2019-06-10,31.15,31.72,30.715,30.76,5449401.0
2019-06-11,31.1,31.29,30.51,30.58,3461792.0
2019-06-12,30.56,31.13,30.45,31.1,5185737.0
2019-06-13,31.69,33.32,31.41,33.09,10856485.0
2019-06-14,32.97,33.2,32.22,32.68,6128002.0
2019-06-15,,,,,
2019-06-16,,,,,
2019-06-17,32.1,32.915,32.1,32.56,3420933.0
2019-06-18,32.78,33.3,32.42,32.52,3789303.0
2019-06-19,32.72,33.3,32.51,33.21,5535486.0
2019-06-20,33.66,33.81,31.9,32.15,8969183.0
2019-06-21,32.03,32.39,31.51,31.57,7481797.0
2019-06-22,,,,,
2019-06-23,,,,,
2019-06-24,31.57,31.89,31.31,31.82,8425704.0
2019-06-25,31.83,32.11,31.24,31.26,6523933.0
2019-06-26,31.48,31.715,31.065,31.46,4089726.0
2019-06-27,31.56,32.5513,31.42,32.15,4274549.0
2019-06-28,32.23,32.73,32.16,32.61,5238492.0
2019-06-29,,,,,
2019-06-30,,,,,
2019-07-01,33.14,33.6632,32.5301,32.88,8995147.0
2019-07-02,33.09,33.21,32.03,32.19,4767593.0
2019-07-03,32.4,32.85,32.35,32.72,2747692.0
2019-07-04,,,,,
2019-07-05,32.54,32.8261,31.95,32.46,2583866.0
2019-07-06,,,,,
2019-07-07,,,,,
2019-07-08,31.99,32.915,31.98,32.79,5328812.0
2019-07-09,32.4,32.7502,31.93,32.36,5450614.0
2019-07-10,32.93,33.685,32.59,32.94,8869704.0
2019-07-11,33.06,33.3,32.82,33.03,6842881.0
2019-07-12,33.12,33.9,33.0,33.78,5012196.0
2019-07-13,,,,,
2019-07-14,,,,,
2019-07-15,33.67,33.95,33.42,33.61,3484003.0
2019-07-16,33.7,34.67,33.7,34.22,6353631.0
2019-07-17,34.34,34.4199,33.11,33.26,5881982.0
2019-07-18,33.41,33.82,33.11,33.74,3049389.0
2019-07-19,33.82,34.02,33.06,33.08,4249117.0
2019-07-20,,,,,
2019-07-21,,,,,
2019-07-22,33.22,33.42,32.8515,32.9,4005726.0
2019-07-23,33.02,33.79,32.57,33.73,4524068.0
2019-07-24,33.62,34.99,33.62,34.59,7315334.0
2019-07-25,34.55,34.82,31.58,31.67,13152304.0
2019-07-26,32.0,32.25,31.16,31.24,7875157.0
2019-07-27,,,,,
2019-07-28,,,,,
2019-07-29,30.97,31.1862,30.54,30.74,6963941.0
2019-07-30,30.45,30.81,30.21,30.71,5290177.0
2019-07-31,30.68,31.14,30.27,30.51,6269369.0
2019-08-01,30.43,30.565,29.43,29.84,8012969.0
2019-08-02,29.7,29.811,29.0715,29.45,6475919.0
2019-08-03,,,,,
2019-08-04,,,,,
2019-08-05,28.97,28.97,28.0,28.53,8948917.0
2019-08-06,28.85,29.064,28.0157,28.36,6010508.0
2019-08-07,28.0,28.76,27.82,28.63,6771454.0
2019-08-08,28.81,29.39,28.76,29.08,5028185.0
2019-08-09,28.85,29.065,28.555,28.78,4031257.0
2019-08-10,,,,,
2019-08-11,,,,,
2019-08-12,28.5,28.51,27.52,27.64,8014995.0
2019-08-13,27.62,28.37,27.3269,27.51,12996668.0
2019-08-14,27.05,27.07,26.09,26.1,10104388.0
2019-08-15,26.2,26.31,25.14,25.41,10112638.0
2019-08-16,25.62,26.05,25.39,25.79,8886360.0
2019-08-17,,,,,
2019-08-18,,,,,
2019-08-19,26.2,26.69,26.08,26.1,9035421.0
2019-08-20,26.08,26.08,25.56,25.83,7660120.0
2019-08-21,26.06,26.5951,26.01,26.42,6227560.0
2019-08-22,26.46,26.98,26.3375,26.53,5958588.0
2019-08-23,26.27,26.51,25.35,25.42,8910561.0
2019-08-24,,,,,
2019-08-25,,,,,
2019-08-26,25.9,25.91,25.03,25.19,6728216.0
2019-08-27,25.27,25.34,24.32,24.45,7504544.0
2019-08-28,24.41,25.51,24.23,25.33,9080597.0
2019-08-29,25.79,26.61,25.7,26.32,7210512.0
2019-08-30,26.4,26.83,26.16,26.31,5076364.0
2019-08-31,,,,,
2019-09-01,,,,,
2019-09-02,,,,,
2019-09-03,26.16,26.66,25.95,26.51,6732810.0
2019-09-04,26.66,27.22,26.52,27.0,5657456.0
2019-09-05,27.45,28.11,27.44,27.69,6256918.0
2019-09-06,28.16,28.23,27.73,27.79,5791863.0
2019-09-07,,,,,
2019-09-08,,,,,
2019-09-09,27.79,28.75,27.71,28.44,8561601.0
2019-09-10,28.28,29.18,28.205,29.12,6377312.0
2019-09-11,29.16,29.93,28.725,29.76,10842616.0
2019-09-12,29.67,30.22,29.64,29.94,5808790.0
2019-09-13,30.2,30.34,29.87,29.95,7131918.0
2019-09-14,,,,,
2019-09-15,,,,,
2019-09-16,28.56,28.7892,27.7,27.77,15507799.0
2019-09-17,28.02,29.25,27.92,28.64,12735028.0
2019-09-18,28.55,28.66,28.07,28.6,6175971.0
2019-09-19,28.63,28.74,28.16,28.3,5125014.0
2019-09-20,28.2,28.435,27.96,27.99,6975202.0
2019-09-21,,,,,
2019-09-22,,,,,
2019-09-23,27.71,27.88,27.355,27.5,5394512.0
2019-09-24,27.62,27.7,26.765,26.995,5585650.0
2019-09-25,27.13,27.83,27.02,27.44,6399938.0
2019-09-26,27.57,27.6,26.905,27.19,4859795.0
2019-09-27,27.01,27.805,26.91,27.01,5209424.0
2019-09-28,,,,,
2019-09-29,,,,,
2019-09-30,27.35,27.41,26.82,26.97,5146989.0
2019-10-01,27.08,27.66,26.59,26.8,6548778.0
2019-10-02,26.5,26.51,25.02,25.37,14246046.0
2019-10-03,25.47,25.51,24.51,25.265,8616277.0
2019-10-04,25.33,25.85,25.07,25.83,6524685.0
2019-10-05,,,,,
2019-10-06,,,,,
2019-10-07,25.8,26.06,25.52,25.83,5876908.0
2019-10-08,25.56,26.8,25.45,26.26,9049444.0
2019-10-09,26.78,27.33,26.69,27.065,8191541.0
2019-10-10,26.68,27.25,26.5,27.18,7095959.0
2019-10-11,27.63,28.02,27.34,27.355,7531394.0
2019-10-12,,,,,
2019-10-13,,,,,
2019-10-14,27.37,27.66,27.14,27.615,3190555.0
2019-10-15,27.63,28.3746,27.28,28.27,7047547.0
2019-10-16,28.33,28.81,28.03,28.05,6373517.0
2019-10-17,28.31,28.44,27.85,27.93,6710008.0
2019-10-18,27.8,28.32,27.705,28.22,5669252.0
2019-10-19,,,,,
2019-10-20,,,,,
2019-10-21,28.51,28.91,28.425,28.62,6746391.0
2019-10-22,28.5,28.69,27.815,28.26,8093942.0
2019-10-23,28.25,28.4,27.88,28.29,8437075.0
2019-10-24,29.27,29.85,28.49,29.41,17963268.0
2019-10-25,29.4,30.89,29.3,30.86,13835748.0
2019-10-26,,,,,
2019-10-27,,,,,
2019-10-28,31.0,31.67,31.0,31.36,10260157.0
2019-10-29,31.42,31.49,30.675,30.92,6843245.0
2019-10-30,30.77,30.94,29.9349,30.29,10356079.0
2019-10-31,30.07,30.21,29.46,30.06,8779591.0
2019-11-01,30.3,30.61,30.015,30.56,8270943.0
2019-11-02,,,,,
2019-11-03,,,,,
2019-11-04,30.71,30.99,30.47,30.95,5888649.0
2019-11-05,31.0,31.58,30.91,31.18,5500164.0
2019-11-06,31.17,31.19,30.65,30.96,4270307.0
2019-11-07,31.21,31.44,30.75,30.89,6342457.0
2019-11-08,30.72,30.85,29.96,30.76,6352970.0
2019-11-09,,,,,
2019-11-10,,,,,
2019-11-11,30.54,30.75,30.2,30.59,4110020.0
2019-11-12,30.58,30.67,29.4,29.52,8663841.0
2019-11-13,29.03,29.155,28.565,28.66,7179903.0
2019-11-14,28.75,28.9,28.46,28.77,4393223.0
2019-11-15,28.95,29.2,28.8,28.86,4551993.0
2019-11-16,,,,,
2019-11-17,,,,,
2019-11-18,28.64,28.89,28.2787,28.6,5368970.0
2019-11-19,28.93,29.38,28.73,29.29,5966379.0
2019-11-20,29.14,29.24,28.05,28.23,9937115.0
2019-11-21,28.27,28.48,27.84,27.93,6071758.0
2019-11-22,28.2,28.72,28.13,28.68,4827418.0
2019-11-23,,,,,
2019-11-24,,,,,
2019-11-25,28.8,29.18,28.62,28.99,5174519.0
2019-11-26,28.95,29.07,28.565,29.05,5941469.0
2019-11-27,29.07,29.33,28.7416,28.95,3387635.0
2019-11-28,,,,,
2019-11-29,28.92,29.265,28.66,28.74,2970843.0
2019-11-30,,,,,
2019-12-01,,,,,
2019-12-02,28.79,28.9938,28.01,28.08,6851478.0
2019-12-03,27.73,27.77,26.96,27.29,7801699.0
2019-12-04,27.42,27.755,27.22,27.38,4806046.0
2019-12-05,27.46,27.568,27.05,27.24,4997239.0
2019-12-06,27.5,27.96,27.47,27.725,6094102.0
2019-12-07,,,,,
2019-12-08,,,,,
2019-12-09,27.62,27.83,27.457,27.49,4532901.0
2019-12-10,27.55,27.625,26.9,27.0,7541746.0
2019-12-11,27.08,27.1,26.68,26.86,5435419.0
2019-12-12,27.09,28.02,26.95,27.72,9651944.0
2019-12-13,27.93,28.13,27.365,27.48,5965334.0
2019-12-14,,,,,
2019-12-15,,,,,
2019-12-16,27.62,28.35,27.6,27.92,6997861.0
2019-12-17,27.97,28.48,27.86,28.28,5920693.0
2019-12-18,28.35,28.57,27.93,28.0,4634055.0
2019-12-19,28.0,28.57,27.93,28.55,6295123.0
2019-12-20,28.67,29.05,28.49,29.04,12283156.0
2019-12-21,,,,,
2019-12-22,,,,,
2019-12-23,29.25,29.72,29.2,29.3,9291453.0
2019-12-24,29.32,29.43,29.1,29.18,2373608.0
2019-12-25,,,,,
2019-12-26,29.32,29.71,29.26,29.67,4747397.0
2019-12-27,29.76,29.8092,28.36,28.44,8419552.0
2019-12-28,,,,,
2019-12-29,,,,,
2019-12-30,28.5,28.532,28.065,28.3,4940611.0
2019-12-31,28.2,28.79,28.19,28.68,4397331.0
2020-01-01,,,,,
2020-01-02,28.98,29.295,28.65,29.09,6275633.0
2020-01-03,28.27,28.29,27.34,27.65,14020066.0
2020-01-04,,,,,
2020-01-05,,,,,
2020-01-06,27.19,27.4901,27.08,27.32,6108646.0
2020-01-07,27.56,27.68,27.06,27.22,6197079.0
2020-01-08,27.1,28.09,27.07,27.84,10497296.0
2020-01-09,28.09,28.23,27.71,27.95,6901065.0
2020-01-10,27.96,27.99,27.25,27.32,8108419.0
2020-01-11,,,,,
2020-01-12,,,,,
2020-01-13,27.32,27.53,27.155,27.39,5841463.0
2020-01-14,27.91,28.4,27.35,27.53,8890948.0
2020-01-15,27.45,28.06,27.32,27.58,5689926.0
2020-01-16,27.79,28.26,27.76,28.23,6442847.0
2020-01-17,28.3,28.72,28.06,28.4,7379424.0
2020-01-18,,,,,
2020-01-19,,,,,
2020-01-20,,,,,
2020-01-21,27.97,27.99,27.05,27.2,16249991.0
2020-01-22,27.51,27.91,27.3,27.32,9852593.0
2020-01-23,27.39,28.99,26.04,28.8,25611121.0
2020-01-24,28.85,28.8612,27.01,27.64,18067793.0
2020-01-25,,,,,
2020-01-26,,,,,
2020-01-27,26.57,26.6,25.37,26.11,21573812.0
2020-01-28,26.36,27.115,26.26,26.9,11939167.0
2020-01-29,26.88,27.49,26.74,26.8,9094411.0
2020-01-30,26.3,27.79,26.26,27.72,10685468.0
2020-01-31,27.5,27.52,26.59,26.84,11027935.0
2020-02-01,,,,,
2020-02-02,,,,,
2020-02-03,26.93,27.67,26.74,27.16,7631879.0
2020-02-04,27.68,28.61,27.55,28.43,10832933.0
2020-02-05,28.96,29.24,28.545,29.1,8959684.0
2020-02-06,29.26,29.4498,28.14,28.3,8335783.0
2020-02-07,28.06,28.55,27.78,28.38,6231754.0
2020-02-08,,,,,
2020-02-09,,,,,
2020-02-10,28.19,28.81,27.98,28.79,15134344.0
2020-02-11,29.06,29.94,28.97,29.84,8977738.0
2020-02-12,30.0,30.78,29.99,30.47,9315375.0
2020-02-13,30.03,30.4,29.73,30.09,9119433.0
2020-02-14,30.01,30.27,29.14,29.2,5524788.0
2020-02-15,,,,,
2020-02-16,,,,,
2020-02-17,,,,,
2020-02-18,29.04,29.345,28.49,28.63,10486462.0
2020-02-19,28.84,28.88,28.31,28.33,8401025.0
2020-02-20,28.24,28.9,28.2024,28.51,10093423.0
2020-02-21,28.12,28.3,27.17,27.82,11256491.0
2020-02-22,,,,,
2020-02-23,,,,,
2020-02-24,25.98,26.11,25.0,25.45,21713199.0
2020-02-25,25.62,25.75,23.05,23.12,22296879.0
2020-02-26,23.57,23.75,22.11,22.31,19631372.0
2020-02-27,20.85,22.48,19.77,20.6,31897334.0
2020-02-28,19.8,20.35,18.77,19.05,37166398.0
2020-02-29,,,,,
2020-03-01,,,,,
2020-03-02,19.05,19.06,17.51,18.86,38737996.0
2020-03-03,19.66,19.79,17.8,17.85,35402453.0
2020-03-04,18.36,18.55,17.3,18.53,44362085.0
2020-03-05,17.54,17.65,15.98,16.04,44656806.0
2020-03-06,15.02,17.12,14.8,15.97,54504970.0
2020-03-07,,,,,
2020-03-08,,,,,
2020-03-09,14.87,15.79,14.46,14.75,42558021.0
2020-03-10,15.82,17.67,14.61,17.0,56972742.0
2020-03-11,16.31,16.49,15.52,16.26,43778178.0
2020-03-12,14.05,15.75,13.33,13.45,53968488.0
2020-03-13,15.3,15.6,13.12,14.31,58376115.0
2020-03-14,,,,,
2020-03-15,,,,,
2020-03-16,12.4065,16.2,12.0,15.92,84916838.0
2020-03-17,15.785,18.49,14.79,15.58,58055816.0
2020-03-18,14.24,14.28,10.17,11.65,78458779.0
2020-03-19,11.6,12.16,10.01,10.29,71584495.0
2020-03-20,10.6526,12.0,10.3,10.38,62681779.0
2020-03-21,,,,,
2020-03-22,,,,,
2020-03-23,10.9,11.36,10.01,10.25,56427277.0
2020-03-24,11.9565,14.81,11.5401,13.92,101553138.0
2020-03-25,16.69,16.99,14.31,15.39,93795094.0
2020-03-26,16.06,17.24,15.16,15.66,77627480.0
2020-03-27,14.98,15.22,13.91,14.04,50783456.0
2020-03-28,,,,,
2020-03-29,,,,,
2020-03-30,13.2,13.22,11.81,12.25,50516755.0
2020-03-31,12.9,12.96,12.1,12.19,44851435.0
2020-04-01,11.45,11.48,10.5,10.69,56854449.0
2020-04-02,10.61,11.03,10.0,10.06,65534605.0
2020-04-03,10.34,10.49,9.09,9.39,87018883.0
2020-04-04,,,,,
2020-04-05,,,,,
2020-04-06,9.72,9.94,9.11,9.5,94272306.0
2020-04-07,11.07,12.2,10.05,10.22,138060974.0
2020-04-08,10.91,11.4,10.5,11.33,82718687.0
2020-04-09,12.64,13.4,11.82,12.51,117592821.0
2020-04-10,,,,,
2020-04-11,,,,,
2020-04-12,,,,,
2020-04-13,12.9,12.95,11.25,11.56,73385533.0
2020-04-14,12.22,12.6,11.75,11.945,68039491.0
2020-04-15,12.52,12.69,11.39,12.29,124719945.0
2020-04-16,11.91,12.03,11.05,11.07,83626979.0
2020-04-17,11.87,11.945,11.5,11.57,61279474.0
2020-04-18,,,,,
2020-04-19,,,,,
2020-04-20,11.15,11.35,10.72,11.06,58984927.0
2020-04-21,10.795,11.22,10.7,11.0,49882258.0
2020-04-22,11.09,11.13,10.015,10.27,76320112.0
2020-04-23,10.36,10.67,10.24,10.25,54598512.0
2020-04-24,10.4,10.5,9.9,10.31,67234912.0
2020-04-25,,,,,
2020-04-26,,,,,
2020-04-27,10.53,10.53,10.0,10.02,67378762.0
2020-04-28,10.29,11.63,10.21,11.26,114642980.0
2020-04-29,12.1,12.89,12.02,12.63,113669404.0
2020-04-30,11.92,12.59,11.26,12.01,94921443.0
2020-05-01,11.41,11.66,10.58,10.64,99441398.0
2020-05-02,,,,,
2020-05-03,,,,,
2020-05-04,9.41,10.17,9.15,9.82,125580017.0
2020-05-05,10.26,10.38,9.5,9.51,86943949.0
2020-05-06,9.58,9.73,9.09,9.25,68990968.0
2020-05-07,9.3,9.8,9.29,9.54,61816999.0
2020-05-08,9.78,10.15,9.68,10.14,59649750.0
2020-05-09,,,,,
2020-05-10,,,,,
2020-05-11,9.92,10.25,9.59,10.1,48705945.0
2020-05-12,10.01,10.2,9.6,9.65,46833143.0
2020-05-13,9.52,9.53,8.83,9.11,68704637.0
2020-05-14,8.77,9.19,8.25,9.15,72320522.0
2020-05-15,8.85,9.36,8.76,9.04,39560529.0
2020-05-16,,,,,
2020-05-17,,,,,
2020-05-18,9.62,9.94,9.36,9.87,76624405.0
2020-05-19,10.14,10.19,9.59,9.64,62242475.0
2020-05-20,9.91,10.14,9.77,9.87,44006731.0
2020-05-21,9.87,10.15,9.83,9.89,45785718.0
2020-05-22,10.02,10.12,9.63,9.7,37596763.0
2020-05-23,,,,,
2020-05-24,,,,,
2020-05-25,,,,,
2020-05-26,10.27,11.28,10.25,11.14,101717009.0
2020-05-27,12.43,12.55,11.07,11.98,99314752.0
2020-05-28,11.78,11.83,10.9,10.98,70811411.0
2020-05-29,10.48,10.87,10.32,10.5,59054713.0
2020-05-30,,,,,
2020-05-31,,,,,
2020-06-01,10.79,11.33,10.62,11.11,50681600.0
2020-06-02,11.4,11.64,10.9735,11.22,49148574.0
2020-06-03,11.56,12.2,11.44,11.85,86685282.0
2020-06-04,12.85,18.18,12.63,16.72,399432625.0
2020-06-05,21.25,22.8,17.8,18.59,428617124.0
2020-06-06,,,,,
2020-06-07,,,,,
2020-06-08,19.86,20.36,19.13,20.31,175418927.0
2020-06-09,18.45,18.97,17.61,18.55,111234412.0
2020-06-10,17.69,18.16,15.9201,17.02,163952527.0
2020-06-11,14.61,15.68,14.07,14.38,124220842.0
2020-06-12,16.82,17.31,15.67,16.74,161101802.0
2020-06-13,,,,,
2020-06-14,,,,,
2020-06-15,15.27,17.17,15.08,16.7,122904105.0
2020-06-16,18.36,18.44,16.55,17.03,127369736.0
2020-06-17,16.76,17.045,16.155,16.98,71706660.0
2020-06-18,16.37,17.07,16.28,16.49,64265328.0
2020-06-19,16.89,16.94,15.415,16.0,92320184.0
2020-06-20,,,,,
2020-06-21,,,,,
2020-06-22,14.9,15.52,14.72,14.92,118994544.0
2020-06-23,13.76,14.29,13.71,14.0,204022271.0
2020-06-24,13.59,13.9,12.83,13.04,140975485.0
2020-06-25,12.53,13.24,12.18,13.17,117383374.0
2020-06-26,13.2,13.285,12.13,12.38,108813029.0
2020-06-27,,,,,
2020-06-28,,,,,
2020-06-29,12.57,13.51,12.02,13.32,115051081.0
2020-06-30,13.1,13.48,12.88,13.07,69607727.0
2020-07-01,13.48,14.29,12.63,12.81,116860568.0
2020-07-02,13.35,13.42,12.42,12.5,86439143.0
2020-07-03,,,,,
2020-07-04,,,,,
2020-07-05,,,,,
2020-07-06,12.8,12.92,12.21,12.8,79312978.0
2020-07-07,12.51,12.54,11.91,11.91,77999210.0
2020-07-08,11.6,12.08,11.43,11.99,85252092.0
2020-07-09,11.94,11.94,11.15,11.18,77131305.0
2020-07-10,11.0,11.95,10.98,11.94,90529635.0
2020-07-11,,,,,
2020-07-12,,,,,
2020-07-13,12.13,12.27,11.45,11.63,67580253.0
2020-07-14,11.32,11.84,11.22,11.57,49888905.0
2020-07-15,12.45,13.48,12.21,13.44,135445160.0
2020-07-16,12.8,13.07,12.29,12.45,81546081.0
2020-07-17,12.48,12.6,11.89,11.91,68133921.0
2020-07-18,,,,,
2020-07-19,,,,,
2020-07-20,11.93,12.51,11.35,11.47,63466858.0
2020-07-21,11.57,11.79,11.28,11.47,63325927.0
2020-07-22,11.38,11.67,11.3,11.36,42461298.0
2020-07-23,11.27,12.41,11.01,11.77,115574786.0
2020-07-24,11.67,11.82,11.34,11.39,53761416.0
2020-07-25,,,,,
2020-07-26,,,,,
2020-07-27,11.48,11.7938,11.18,11.39,69451719.0
2020-07-28,11.37,11.995,11.36,11.77,62356563.0
2020-07-29,11.8,11.92,11.3,11.4,52214555.0
2020-07-30,11.22,11.39,11.12,11.18,40525120.0
2020-07-31,11.16,11.25,10.8,11.12,51835522.0
2020-08-01,,,,,
2020-08-02,,,,,
2020-08-03,11.07,11.235,10.71,11.08,48263993.0
2020-08-04,11.21,11.88,11.16,11.47,54824447.0
2020-08-05,11.84,12.85,11.55,12.56,118704411.0
2020-08-06,13.04,13.29,12.47,13.04,131280118.0
2020-08-07,12.86,13.16,12.58,13.03,61700718.0
2020-08-08,,,,,
2020-08-09,,,,,
2020-08-10,13.29,14.31,13.21,14.0,121073864.0
2020-08-11,15.02,15.1,13.55,13.73,127879263.0
2020-08-12,14.03,14.06,13.1,13.54,77639159.0
2020-08-13,13.19,13.9,13.11,13.3,47772765.0
2020-08-14,13.11,13.56,13.01,13.33,45670200.0
2020-08-15,,,,,
2020-08-16,,,,,
2020-08-17,13.32,13.38,12.61,12.62,55705663.0
2020-08-18,12.6,12.88,12.51,12.6,33322273.0
2020-08-19,12.65,13.44,12.58,12.68,59266528.0
2020-08-20,12.38,12.67,12.26,12.5,41956633.0
2020-08-21,12.4385,12.63,12.09,12.16,35822854.0
2020-08-22,,,,,
2020-08-23,,,,,
2020-08-24,12.44,13.48,12.27,13.44,102685730.0
2020-08-25,13.69,14.02,12.77,13.14,79053355.0
2020-08-26,13.11,13.15,12.7,12.785,44056800.0
2020-08-27,13.43,14.26,13.12,13.28,108835702.0
2020-08-28,13.59,13.63,13.23,13.59,54516383.0
2020-08-29,,,,,
2020-08-30,,,,,
2020-08-31,13.6,13.74,13.05,13.05,45917160.0
2020-09-01,12.86,13.84,12.66,13.1,72987504.0
2020-09-02,12.94,13.34,12.67,13.23,58889577.0
2020-09-03,13.4,14.07,13.03,13.36,86390768.0
2020-09-04,13.65,13.82,12.96,13.61,64936962.0
2020-09-05,,,,,
2020-09-06,,,,,
2020-09-07,,,,,
2020-09-08,13.36,14.16,13.15,13.63,72746017.0
2020-09-09,13.48,13.58,12.8,13.05,79030174.0
2020-09-10,13.21,13.49,12.97,13.005,52318554.0
2020-09-11,13.08,13.08,12.68,12.95,43916721.0
2020-09-12,,,,,
2020-09-13,,,,,
2020-09-14,13.02,13.29,12.9,13.26,39859100.0
2020-09-15,13.2686,13.66,13.0823,13.14,38958829.0
2020-09-16,13.21,13.96,12.98,13.8,75458868.0
2020-09-17,13.5,14.08,13.36,13.63,50194418.0
2020-09-18,13.51,13.59,13.03,13.19,56403555.0
2020-09-19,,,,,
2020-09-20,,,,,
2020-09-21,12.82,12.98,12.08,12.21,60604453.0
2020-09-22,12.3,12.5,12.18,12.34,33013426.0
2020-09-23,12.53,12.74,11.91,11.93,45292584.0
2020-09-24,11.74,12.0,11.22,11.77,49163168.0
2020-09-25,11.76,12.31,11.71,12.29,43763989.0
2020-09-26,,,,,
2020-09-27,,,,,
2020-09-28,12.74,13.15,12.49,12.76,63558206.0
2020-09-29,12.59,12.66,12.11,12.25,47209575.0
2020-09-30,12.32,12.915,12.22,12.29,65428134.0
2020-10-01,12.45,12.77,12.35,12.58,48841980.0
2020-10-02,12.05,13.35,12.0,13.0,111883279.0
2020-10-03,,,,,
2020-10-04,,,,,
2020-10-05,13.09,13.2,12.75,13.12,53465541.0
2020-10-06,13.28,13.44,12.46,12.53,85252374.0
2020-10-07,12.98,13.18,12.81,13.07,61274196.0
2020-10-08,13.33,13.68,12.725,13.155,88851674.0
2020-10-09,13.25,13.49,12.95,13.2,65280957.0
2020-10-10,,,,,
2020-10-11,,,,,
2020-10-12,13.14,13.17,12.9,12.92,39852463.0
2020-10-13,12.59,12.64,12.2,12.22,63372168.0
2020-10-14,12.35,12.57,12.29,12.36,37647677.0
2020-10-15,12.22,12.3,11.97,12.23,33776119.0
2020-10-16,12.3064,12.56,12.2,12.46,32717329.0
2020-10-17,,,,,
2020-10-18,,,,,
2020-10-19,12.64,12.865,12.45,12.56,50560700.0
2020-10-20,12.75,13.0,12.585,12.8,46748762.0
2020-10-21,12.69,12.87,12.55,12.745,37503569.0
2020-10-22,12.6,13.29,12.42,13.15,90788939.0
2020-10-23,13.07,13.08,12.42,12.6,90787924.0
2020-10-24,,,,,
2020-10-25,,,,,
2020-10-26,12.39,12.45,11.67,11.8,85349599.0
2020-10-27,11.77,11.79,11.2,11.23,65803386.0
2020-10-28,10.89,11.16,10.63,10.95,64399820.0
2020-10-29,10.96,11.29,10.89,11.16,44070630.0
2020-10-30,11.06,11.415,10.98,11.28,51348328.0
2020-10-31,,,,,
2020-11-01,,,,,
2020-11-02,11.32,11.34,10.87,11.19,41094537.0
2020-11-03,11.34,11.45,11.15,11.25,43775216.0
2020-11-04,11.21,11.31,10.93,11.005,45281334.0
2020-11-05,11.12,11.67,11.09,11.6,54890789.0
2020-11-06,11.44,11.51,11.275,11.46,36703682.0
2020-11-07,,,,,
2020-11-08,,,,,
2020-11-09,14.33,14.41,12.75,13.2,231326211.0
2020-11-10,12.85,13.02,12.34,12.38,127529338.0
2020-11-11,12.4,12.46,11.93,12.04,81359582.0
2020-11-12,11.97,12.23,11.65,11.74,75726783.0
2020-11-13,11.91,12.25,11.85,12.24,56775114.0
2020-11-14,,,,,
2020-11-15,,,,,
2020-11-16,12.87,12.96,12.41,12.79,104867799.0
2020-11-17,12.48,12.81,12.23,12.7,61956503.0
2020-11-18,12.91,13.36,12.73,12.74,99888521.0
2020-11-19,12.73,13.04,12.63,12.79,58809388.0
2020-11-20,12.8,12.91,12.46,12.53,58685528.0
2020-11-21,,,,,
2020-11-22,,,,,
2020-11-23,12.75,13.58,12.69,13.56,100763995.0
2020-11-24,14.32,14.97,14.08,14.82,153644610.0
2020-11-25,14.77,15.08,14.37,14.94,101052472.0
2020-11-26,,,,,
2020-11-27,15.12,15.56,14.95,14.98,66066370.0
2020-11-28,,,,,
2020-11-29,,,,,
2020-11-30,14.92,14.96,13.93,14.13,97536336.0
2020-12-01,14.42,14.78,14.24,14.27,75418905.0
2020-12-02,14.16,14.86,13.85,14.86,76032751.0
2020-12-03,15.19,16.5,15.16,16.09,169287160.0
2020-12-04,16.4,16.93,16.12,16.4,117387572.0
2020-12-05,,,,,
2020-12-06,,,,,
2020-12-07,16.54,18.07,16.47,17.21,157231927.0
2020-12-08,17.47,17.92,17.16,17.63,95855351.0
2020-12-09,18.37,18.63,16.63,17.16,138508325.0
2020-12-10,16.75,18.04,16.67,17.99,86395155.0
2020-12-11,17.82,17.91,16.81,17.05,106957296.0
2020-12-12,,,,,
2020-12-13,,,,,
2020-12-14,17.52,17.81,16.68,16.7,88139884.0
2020-12-15,16.99,17.06,16.16,17.01,89217037.0
2020-12-16,16.88,17.04,16.58,16.86,59232622.0
2020-12-17,16.9477,16.99,16.65,16.8,49386336.0
2020-12-18,16.735,16.735,16.29,16.51,74782781.0
2020-12-19,,,,,
2020-12-20,,,,,
2020-12-21,15.77,16.24,15.56,16.1,87243767.0
2020-12-22,16.34,16.38,15.45,15.48,75439216.0
2020-12-23,15.51,16.17,15.5,15.89,62603762.0
2020-12-24,16.04,16.04,15.53,15.66,31048907.0
2020-12-25,,,,,
2020-12-26,,,,,
2020-12-27,,,,,
2020-12-28,15.97,16.46,15.91,16.06,60240177.0
2020-12-29,16.32,16.41,15.75,15.86,51559537.0
2020-12-30,15.85,16.2,15.72,16.15,49520154.0
2020-12-31,16.08,16.09,15.625,15.77,57891084.0
2021-01-01,,,,,
2021-01-02,,,,,
2021-01-03,,,,,
2021-01-04,15.85,15.88,15.03,15.13,69732465.0
2021-01-05,14.92,15.63,14.87,15.43,53368182.0
2021-01-06,15.45,15.8,15.17,15.52,63707974.0
2021-01-07,15.67,15.87,15.38,15.38,48187872.0
2021-01-08,15.43,15.53,15.0,15.13,55656357.0
2021-01-09,,,,,
2021-01-10,,,,,
2021-01-11,14.82,15.04,14.71,15.0,40701329.0
2021-01-12,15.075,15.43,14.88,15.38,45279527.0
2021-01-13,15.29,15.63,15.11,15.53,42629315.0
2021-01-14,15.83,16.6,15.82,16.44,79900858.0
2021-01-15,16.17,16.28,15.735,15.76,55175843.0
2021-01-16,,,,,
2021-01-17,,,,,
2021-01-18,,,,,
2021-01-19,15.99,16.27,15.89,15.97,39740241.0
2021-01-20,16.17,16.39,15.8408,16.17,42354452.0
2021-01-21,15.99,16.22,15.56,15.83,50726587.0
2021-01-22,15.57,15.84,15.46,15.82,39126567.0
2021-01-23,,,,,
2021-01-24,,,,,
2021-01-25,15.52,15.56,15.02,15.43,61954503.0
2021-01-26,15.52,15.765,15.33,15.53,44571079.0
2021-01-27,15.42,17.81,15.38,16.56,178528995.0
2021-01-28,20.33,21.77,16.82,18.1,319607570.0
2021-01-29,18.69,18.73,16.75,17.17,113054814.0
2021-01-30,,,,,
2021-01-31,,,,,
2021-02-01,17.25,17.33,16.33,16.84,49436027.0
2021-02-02,17.03,17.2599,16.55,16.59,38890146.0
2021-02-03,16.61,17.72,16.49,17.6,61414802.0
2021-02-04,17.475,17.59,17.305,17.4,37606820.0
2021-02-05,17.6,17.67,17.07,17.19,30910225.0
2021-02-06,,,,,
2021-02-07,,,,,
2021-02-08,17.32,18.09,17.24,17.77,44177522.0
2021-02-09,17.735,17.76,17.335,17.44,29631980.0
2021-02-10,17.55,17.675,17.27,17.41,28234807.0
2021-02-11,17.3,17.4,16.79,16.99,38746350.0
2021-02-12,17.01,17.49,16.92,17.27,27522539.0
2021-02-13,,,,,
2021-02-14,,,,,
2021-02-15,,,,,
2021-02-16,17.63,17.9,17.51,17.82,33615509.0
2021-02-17,17.69,18.34,17.48,17.99,35388462.0
2021-02-18,17.83,17.9782,17.45,17.71,26328174.0
2021-02-19,17.9,18.83,17.78,18.68,48663754.0
2021-02-20,,,,,
2021-02-21,,,,,
2021-02-22,19.84,21.11,19.31,20.44,98957218.0
2021-02-23,20.68,21.05,18.74,20.66,78817583.0
2021-02-24,20.87,22.115,20.75,21.82,74610191.0
2021-02-25,22.13,22.44,20.38,20.86,64737481.0
2021-02-26,20.61,21.43,20.34,20.94,41927239.0
2021-02-27,,,,,
2021-02-28,,,,,
2021-03-01,21.75,22.29,21.05,21.18,45406096.0
2021-03-02,21.28,21.63,21.12,21.44,27558175.0
2021-03-03,21.87,22.59,21.73,22.17,49301252.0
2021-03-04,22.275,22.42,20.41,21.24,61124170.0
2021-03-05,21.4,21.5,18.94,20.45,63183882.0
2021-03-06,,,,,
2021-03-07,,,,,
2021-03-08,20.78,21.705,20.65,21.47,39776852.0
2021-03-09,21.585,21.81,20.66,21.6,39820358.0
2021-03-10,21.67,22.48,21.37,21.75,44224852.0
2021-03-11,22.0,22.5,21.765,22.15,39002426.0
2021-03-12,22.18,23.54,22.13,23.37,55260300.0
2021-03-13,,,,,
2021-03-14,,,,,
2021-03-15,24.55,25.94,24.21,25.17,94133688.0
2021-03-16,25.11,25.25,24.31,24.47,47923579.0
2021-03-17,24.12,25.22,23.9,25.16,38540131.0
2021-03-18,25.12,26.09,24.55,24.7,53368955.0
2021-03-19,24.68,25.11,23.88,24.97,49461204.0
2021-03-20,,,,,
2021-03-21,,,,,
2021-03-22,24.62,24.7,23.76,23.83,42676036.0
2021-03-23,23.35,23.66,22.08,22.27,55290735.0
2021-03-24,22.79,23.18,21.76,21.81,44703867.0
2021-03-25,21.25,22.915,21.02,22.77,49746885.0
2021-03-26,23.14,23.29,22.28,22.93,36972430.0
2021-03-27,,,,,
2021-03-28,,,,,
2021-03-29,23.16,23.1899,22.395,22.91,30700097.0
2021-03-30,23.1,24.195,23.023,24.12,39747885.0
2021-03-31,24.03,24.121,23.61,23.9,29800342.0
2021-04-01,24.02,24.225,23.645,23.86,25956190.0
2021-04-02,,,,,
2021-04-03,,,,,
2021-04-04,,,,,
2021-04-05,24.46,24.85,24.16,24.23,33657043.0
2021-04-06,24.2,24.5,23.91,24.06,31099364.0
2021-04-07,24.19,24.59,23.82,23.93,27792505.0
2021-04-08,23.88,23.88,22.63,23.65,28606562.0
2021-04-09,23.445,23.665,23.25,23.54,21307708.0
2021-04-10,,,,,
2021-04-11,,,,,
2021-04-12,23.232,23.32,22.72,22.91,27165687.0
2021-04-13,22.18,22.65,21.66,22.56,44741618.0
2021-04-14,22.95,23.35,22.2,22.37,33969583.0
2021-04-15,22.65,22.6669,21.695,22.13,34424096.0
2021-04-16,22.06,22.36,21.87,22.03,25957951.0
2021-04-17,,,,,
2021-04-18,,,,,
2021-04-19,21.97,21.985,21.37,21.55,27424882.0
2021-04-20,21.02,21.02,19.96,20.37,48820775.0
2021-04-21,20.005,21.03,19.64,21.01,49376367.0
2021-04-22,21.58,21.61,20.04,20.07,72635138.0
2021-04-23,20.27,21.2,20.18,21.11,48123875.0
2021-04-24,,,,,
2021-04-25,,,,,
2021-04-26,21.52,22.05,21.48,22.04,44349193.0
2021-04-27,22.01,22.07,21.6,21.76,26767103.0
2021-04-28,21.64,21.89,21.48,21.7,22572102.0
2021-04-29,21.94,22.15,21.21,21.3,34430867.0
2021-04-30,21.17,21.88,21.075,21.72,31608772.0
2021-05-01,,,,,
2021-05-02,,,,,
2021-05-03,21.87,22.01,21.4,21.95,27606107.0
2021-05-04,21.78,21.989,20.94,21.42,36050842.0
2021-05-05,21.35,21.87,21.19,21.57,27984845.0
2021-05-06,21.51,21.75,21.16,21.49,25632584.0
2021-05-07,21.4,22.19,21.27,22.0,32022917.0
2021-05-08,,,,,
2021-05-09,,,,,
2021-05-10,22.23,22.54,21.96,22.0,32570026.0
2021-05-11,21.07,21.7,20.91,21.57,37417770.0
2021-05-12,21.36,21.69,20.69,20.76,34605335.0
2021-05-13,20.88,21.42,20.62,21.21,35238681.0
2021-05-14,21.43,22.48,21.43,22.4,39182527.0
2021-05-15,,,,,
2021-05-16,,,,,
2021-05-17,22.32,23.4,22.1,23.35,40716096.0
2021-05-18,23.54,23.94,23.08,23.56,38662412.0
2021-05-19,22.97,23.27,22.62,22.97,34558205.0
2021-05-20,23.175,23.175,22.29,22.6,33606463.0
2021-05-21,22.71,23.035,22.51,22.57,26246519.0
2021-05-22,,,,,
2021-05-23,,,,,
2021-05-24,22.85,23.05,22.35,22.99,26159274.0
2021-05-25,23.45,24.17,23.11,23.21,50630539.0
2021-05-26,23.525,23.95,23.2,23.9,29812731.0
2021-05-27,24.03,24.49,23.68,24.43,36389471.0
2021-05-28,24.39,24.82,24.13,24.24,30594395.0
2021-05-29,,,,,
2021-05-30,,,,,
2021-05-31,,,,,
2021-06-01,24.68,25.09,24.51,24.67,36502425.0
2021-06-02,24.76,26.04,24.65,25.82,57686212.0
2021-06-03,25.42,25.58,24.9,24.93,38254874.0
2021-06-04,25.13,25.18,24.255,24.3,28977318.0
2021-06-05,,,,,
2021-06-06,,,,,
2021-06-07,24.49,24.7712,24.18,24.25,21173236.0
2021-06-08,24.42,24.49,23.86,24.22,26105566.0
2021-06-09,24.37,24.41,23.84,23.85,20289048.0
2021-06-10,24.14,24.24,23.26,23.46,28988336.0
2021-06-11,23.43,23.74,23.4,23.53,24368023.0
2021-06-12,,,,,
2021-06-13,,,,,
2021-06-14,23.49,23.74,22.93,22.99,22613101.0
2021-06-15,22.97,23.13,22.55,22.79,19062209.0
2021-06-16,22.74,23.0,22.515,22.83,20101139.0
2021-06-17,22.83,23.13,21.825,22.23,32879059.0
2021-06-18,22.065,22.53,21.91,22.29,28009883.0
2021-06-19,,,,,
2021-06-20,,,,,
2021-06-21,22.3178,22.545,21.91,22.45,26666155.0
2021-06-22,22.35,22.38,21.845,22.11,22745014.0
2021-06-23,22.17,22.335,22.08,22.2,17394670.0
2021-06-24,22.21,22.5,21.95,22.35,22667548.0
2021-06-25,22.33,22.48,22.07,22.22,18738629.0
2021-06-26,,,,,
2021-06-27,,,,,
2021-06-28,22.09,22.09,21.14,21.39,48437841.0
2021-06-29,21.32,21.4,21.015,21.08,29157405.0
2021-06-30,21.0918,21.48,20.94,21.21,26231781.0
2021-07-01,21.4736,21.79,21.33,21.51,22082744.0
2021-07-02,21.615,21.65,21.11,21.48,20867943.0
2021-07-03,,,,,
2021-07-04,,,,,
2021-07-05,,,,,
2021-07-06,21.5,21.79,20.86,21.01,24176473.0
2021-07-07,20.79,21.05,20.17,20.31,30857027.0
2021-07-08,19.88,20.64,19.655,20.35,28539290.0
2021-07-09,20.79,21.0,20.5,20.89,21730921.0
2021-07-10,,,,,
2021-07-11,,,,,
2021-07-12,20.72,20.98,20.35,20.84,20782176.0
2021-07-13,20.69,20.7,19.99,20.02,30951463.0
2021-07-14,20.87,21.57,20.43,20.62,55139542.0
2021-07-15,20.56,21.059,20.15,20.46,34187503.0
2021-07-16,20.68,20.73,19.72,19.79,34523462.0
2021-07-17,,,,,
2021-07-18,,,,,
2021-07-19,18.83,19.21,18.28,18.97,63985834.0
2021-07-20,19.05,20.59,18.855,20.56,46295449.0
2021-07-21,20.79,21.55,20.75,21.4,52282648.0
2021-07-22,21.06,21.62,20.59,21.16,39028340.0
2021-07-23,21.35,21.69,21.02,21.2,29379242.0
2021-07-24,,,,,
2021-07-25,,,,,
2021-07-26,21.03,22.11,20.94,22.08,31508763.0
2021-07-27,21.9581,22.155,21.11,21.46,30301281.0
2021-07-28,21.61,21.79,21.225,21.63,20077354.0
2021-07-29,21.775,21.78,21.165,21.17,19140184.0
2021-07-30,20.84,21.1499,20.24,20.38,31284016.0
2021-07-31,,,,,
2021-08-01,,,,,
2021-08-02,20.49,20.85,19.99,20.06,27151346.0
2021-08-03,20.08,20.08,19.31,19.95,36572574.0
2021-08-04,19.52,19.955,19.345,19.45,30815364.0
2021-08-05,19.47,20.965,19.45,20.91,42900850.0
2021-08-06,21.13,21.22,20.52,21.02,28280970.0
2021-08-07,,,,,
2021-08-08,,,,,
2021-08-09,20.765,20.79,20.0601,20.56,32047565.0
2021-08-10,20.5,21.4,20.38,20.94,31320868.0
2021-08-11,20.625,21.49,20.4845,21.23,39902328.0
2021-08-12,21.0288,21.11,20.305,20.43,30464790.0
2021-08-13,20.3681,20.55,19.75,19.84,30620351.0
2021-08-14,,,,,
2021-08-15,,,,,
2021-08-16,19.631,20.02,19.34,19.76,25653834.0
2021-08-17,19.36,19.6062,19.09,19.34,23686058.0
2021-08-18,19.34,19.66,19.04,19.14,24479472.0
2021-08-19,19.0,19.195,18.38,18.73,37097125.0
2021-08-20,18.64,18.86,18.29,18.5,28979448.0
2021-08-21,,,,,
2021-08-22,,,,,
2021-08-23,18.88,19.32,18.81,19.11,23637472.0
2021-08-24,19.3986,20.02,19.39,19.83,31550402.0
2021-08-25,19.77,20.24,19.4191,20.15,26913252.0
2021-08-26,20.0,20.44,19.58,19.9,22809450.0
2021-08-27,19.9893,20.43,19.882,20.22,21615079.0
2021-08-28,,,,,
2021-08-29,,,,,
2021-08-30,20.29,20.3,19.47,19.51,24094331.0
2021-08-31,19.47,20.02,19.36,19.94,24993243.0
2021-09-01,20.01,20.095,19.531,19.64,20843242.0
2021-09-02,19.7268,19.98,19.4774,19.76,20209071.0
2021-09-03,19.68,19.9299,19.32,19.37,20364982.0
2021-09-04,,,,,
2021-09-05,,,,,
2021-09-06,,,,,
2021-09-07,19.36,19.65,19.21,19.53,18290961.0
2021-09-08,19.53,19.8,19.05,19.13,21836100.0
2021-09-09,19.1,20.61,19.01,20.2,60077156.0
2021-09-10,20.28,20.29,18.93,18.95,54951414.0
2021-09-11,,,,,
2021-09-12,,,,,
2021-09-13,19.16,19.515,18.643,19.31,42885988.0
2021-09-14,19.35,19.52,19.04,19.21,23820111.0
2021-09-15,19.19,19.41,18.86,19.38,22989104.0
2021-09-16,19.35,20.22,19.3205,19.89,33586213.0
2021-09-17,19.94,20.32,19.54,19.73,32602625.0
2021-09-18,,,,,
2021-09-19,,,,,
2021-09-20,19.72,20.37,19.3363,20.33,43601263.0
2021-09-21,20.42,20.75,19.6701,19.76,34050098.0
2021-09-22,19.93,20.75,19.93,20.52,39344293.0
2021-09-23,20.76,21.3,20.65,20.9,51636260.0
2021-09-24,20.89,21.62,20.81,21.39,39971693.0
2021-09-25,,,,,
2021-09-26,,,,,
2021-09-27,21.77,22.19,21.46,21.47,33190503.0
2021-09-28,21.35,21.81,21.29,21.43,26170246.0
2021-09-29,21.51,21.58,21.0,21.01,20467897.0
2021-09-30,20.87,20.87,20.37,20.52,24079387.0
2021-10-01,20.995,21.78,20.9,21.65,36430871.0
2021-10-02,,,,,
2021-10-03,,,,,
2021-10-04,21.915,22.08,21.29,21.39,28623357.0
2021-10-05,21.5,21.85,21.25,21.47,22580145.0
2021-10-06,20.7,21.01,20.31,20.54,37908541.0
2021-10-07,20.84,20.9,20.08,20.17,29167184.0
2021-10-08,20.24,20.29,19.88,20.07,21691045.0
2021-10-09,,,,,
2021-10-10,,,,,
2021-10-11,19.98,20.51,19.8498,20.13,23646753.0
2021-10-12,20.2,20.4,20.03,20.29,18448355.0
2021-10-13,20.25,20.25,19.53,19.61,33327985.0
2021-10-14,19.775,19.9364,19.585,19.64,21544568.0
2021-10-15,20.015,20.33,19.92,19.98,27259926.0
2021-10-16,,,,,
2021-10-17,,,,,
2021-10-18,19.92,20.15,19.74,19.84,20604416.0
2021-10-19,19.93,19.94,19.5,19.53,25758290.0
2021-10-20,19.59,19.835,19.22,19.52,31618051.0
2021-10-21,19.62,20.01,19.5,19.89,29224661.0
2021-10-22,19.72,19.76,19.03,19.15,36948175.0
2021-10-23,,,,,
2021-10-24,,,,,
2021-10-25,19.16,19.3,18.9,19.23,27977644.0
2021-10-26,19.34,19.815,19.24,19.39,31007874.0
2021-10-27,19.45,19.57,18.97,19.03,22215029.0
2021-10-28,19.11,19.24,18.85,19.19,26506932.0
2021-10-29,19.18,19.445,19.005,19.2,21678965.0
2021-10-30,,,,,
2021-10-31,,,,,
2021-11-01,19.09,19.78,18.8745,19.77,32092531.0
2021-11-02,19.67,19.89,19.57,19.83,19628885.0
2021-11-03,19.82,20.67,19.725,20.63,35014076.0
2021-11-04,20.73,20.84,20.35,20.63,23940519.0
2021-11-05,21.91,22.06,21.26,21.82,58082518.0
2021-11-06,,,,,
2021-11-07,,,,,
2021-11-08,22.19,22.35,21.84,22.25,35774432.0
2021-11-09,22.12,22.3299,21.7,22.26,21830753.0
2021-11-10,21.83,22.03,21.45,21.57,22330903.0
2021-11-11,21.6,21.79,21.3,21.33,18499307.0
2021-11-12,21.34,21.355,20.06,20.29,48077113.0
2021-11-13,,,,,
2021-11-14,,,,,
2021-11-15,20.4,20.565,20.2,20.32,20873998.0
2021-11-16,20.23,20.245,19.54,19.84,36075219.0
2021-11-17,19.71,20.06,19.58,19.86,17862793.0
2021-11-18,19.87,19.93,19.135,19.39,31051923.0
2021-11-19,19.14,19.44,18.94,19.28,31259844.0
2021-11-20,,,,,
2021-11-21,,,,,
2021-11-22,19.56,19.76,19.05,19.63,33220552.0
2021-11-23,19.7512,20.1409,19.32,19.47,30427254.0
2021-11-24,19.325,19.5499,19.07,19.46,21323285.0
2021-11-25,,,,,
2021-11-26,18.27,18.27,16.9,17.75,84177492.0
2021-11-27,,,,,
2021-11-28,,,,,
2021-11-29,18.15,18.26,17.42,17.74,42940273.0
2021-11-30,17.44,17.74,16.92,17.69,49870124.0
2021-12-01,17.94,18.24,16.26,16.28,82341754.0
2021-12-02,16.49,17.44,16.15,17.42,58808870.0
2021-12-03,17.27,17.29,16.34,16.62,57883988.0
2021-12-04,,,,,
2021-12-05,,,,,
2021-12-06,16.95,18.54,16.91,17.93,74005548.0
2021-12-07,18.32,18.71,17.72,17.89,50249937.0
2021-12-08,17.96,18.87,17.88,18.23,46340616.0
2021-12-09,18.04,18.29,17.8496,18.14,36027707.0
2021-12-10,18.07,18.13,17.625,18.01,28696051.0
2021-12-11,,,,,
2021-12-12,,,,,
2021-12-13,17.55,17.65,16.85,17.12,40783887.0
2021-12-14,16.815,17.4699,16.805,16.91,30171335.0
2021-12-15,16.95,17.09,16.275,16.99,39939386.0
2021-12-16,17.25,17.39,16.43,16.52,31751182.0
2021-12-17,16.66,17.3,16.4,16.95,41934268.0
2021-12-18,,,,,
2021-12-19,,,,,
2021-12-20,16.5,17.78,16.455,17.3,44479128.0
2021-12-21,17.45,18.46,17.4,18.12,47591991.0
2021-12-22,18.18,18.5,17.91,18.26,29522971.0
2021-12-23,18.59,18.72,18.15,18.26,32321000.0
2021-12-24,,,,,
2021-12-25,,,,,
2021-12-26,,,,,
2021-12-27,17.66,18.24,17.545,18.17,28059320.0
2021-12-28,18.03,18.64,17.92,18.54,28263648.0
2021-12-29,18.4,18.43,17.99,18.05,22626993.0
2021-12-30,17.975,18.38,17.96,18.07,28158242.0
2021-12-31,18.07,18.36,17.93,17.96,20470143.0
2022-01-01,,,,,
2022-01-02,,,,,
2022-01-03,18.23,19.18,18.2,18.75,42891313.0
2022-01-04,19.215,19.46,18.8504,19.02,29266598.0
2022-01-05,19.13,19.385,18.51,18.68,34447891.0
2022-01-06,18.89,19.0599,18.35,18.57,19097700.0
2022-01-07,18.75,19.59,18.58,19.28,42399468.0
2022-01-08,,,,,
2022-01-09,,,,,
2022-01-10,19.24,19.39,18.68,18.79,25707705.0
2022-01-11,18.88,19.205,18.71,19.02,22414201.0
2022-01-12,19.16,19.255,18.35,18.5,41140852.0
2022-01-13,18.73,19.7597,18.63,19.34,55911766.0
2022-01-14,19.11,19.16,18.4,18.49,44983138.0
2022-01-15,,,,,
2022-01-16,,,,,
2022-01-17,,,,,
2022-01-18,18.23,18.61,17.77,17.9,38972456.0
2022-01-19,17.9,17.91,17.29,17.31,35682549.0
2022-01-20,17.63,17.7326,16.6829,16.76,54892831.0
2022-01-21,16.77,16.78,16.09,16.3,52547514.0
2022-01-22,,,,,
2022-01-23,,,,,
2022-01-24,15.85,16.44,15.38,16.41,60008675.0
2022-01-25,16.05,16.54,15.89,16.46,42471591.0
2022-01-26,16.7,16.97,16.135,16.24,39331762.0
2022-01-27,16.425,16.84,15.6226,15.78,43507377.0
2022-01-28,15.67,15.78,14.905,15.64,51662636.0
2022-01-29,,,,,
2022-01-30,,,,,
2022-01-31,15.55,16.47,15.4,16.47,35533507.0
2022-02-01,16.56,16.965,16.4114,16.83,30798782.0
2022-02-02,16.88,17.145,16.49,16.96,37904187.0
2022-02-03,16.65,17.175,16.545,16.57,30642813.0
2022-02-04,16.54,16.565,16.04,16.45,38585193.0
2022-02-05,,,,,
2022-02-06,,,,,
2022-02-07,16.69,17.505,16.64,17.28,52927528.0
2022-02-08,17.4,18.28,17.21,18.26,46702470.0
2022-02-09,18.45,18.97,18.35,18.76,42407271.0
2022-02-10,18.42,19.08,18.35,18.71,36411849.0
2022-02-11,18.59,18.9771,17.44,17.61,50338913.0
2022-02-12,,,,,
2022-02-13,,,,,
2022-02-14,17.85,18.305,17.35,17.43,37446629.0
2022-02-15,18.315,18.905,18.12,18.84,46528684.0
2022-02-16,18.565,19.11,18.5,18.82,30557521.0
2022-02-17,18.535,18.67,18.03,18.22,29950293.0
2022-02-18,18.22,18.41,17.75,17.87,30507535.0
2022-02-19,,,,,
2022-02-20,,,,,
2022-02-21,,,,,
2022-02-22,17.44,17.95,17.29,17.43,32240929.0
2022-02-23,17.62,17.76,16.61,16.64,35359077.0
2022-02-24,15.66,17.0,15.48,16.96,56881501.0
2022-02-25,17.16,17.73,16.99,17.46,43874112.0
2022-02-26,,,,,
2022-02-27,,,,,
2022-02-28,17.04,17.425,16.55,17.25,51465660.0
2022-03-01,16.97,17.07,16.08,16.29,50513652.0
2022-03-02,16.5,16.92,16.2903,16.37,43654285.0
2022-03-03,16.63,16.75,15.61,15.71,47575090.0
2022-03-04,15.27,15.4799,14.42,14.59,76388689.0
2022-03-05,,,,,
2022-03-06,,,,,
2022-03-07,14.32,14.62,12.77,12.84,89360330.0
2022-03-08,13.035,14.27,12.4401,13.51,88067102.0
2022-03-09,14.44,14.75,14.05,14.3,88884229.0
2022-03-10,13.82,14.44,13.46,14.2,56571682.0
2022-03-11,14.4,14.56,13.9,14.02,48409529.0
2022-03-12,,,,,
2022-03-13,,,,,
2022-03-14,14.04,14.83,13.7,14.25,53284254.0
2022-03-15,14.91,15.8,14.9,15.57,76398350.0
2022-03-16,15.845,16.49,15.53,16.47,66907415.0
2022-03-17,16.06,16.565,15.89,16.55,41996252.0
2022-03-18,16.35,16.84,16.16,16.75,38714286.0
2022-03-19,,,,,
2022-03-20,,,,,
2022-03-21,16.5,16.54,15.9,16.09,45188460.0
2022-03-22,16.2,16.76,16.085,16.56,39828777.0
2022-03-23,16.31,16.46,16.17,16.21,31335959.0
2022-03-24,16.31,16.76,16.1,16.72,33893987.0
2022-03-25,16.75,17.44,16.74,17.01,39357972.0
2022-03-26,,,,,
2022-03-27,,,,,
2022-03-28,17.27,17.38,16.82,17.3,29985345.0
2022-03-29,17.885,18.43,17.86,18.16,58105513.0
2022-03-30,17.92,18.25,17.775,18.05,28866381.0
2022-03-31,18.16,18.45,17.98,18.25,33338167.0
2022-04-01,18.3,18.395,18.065,18.24,25182733.0
2022-04-02,,,,,
2022-04-03,,,,,
2022-04-04,18.16,18.37,17.72,18.23,23095438.0
2022-04-05,18.35,18.57,17.58,17.84,34658735.0
2022-04-06,17.26,17.67,16.83,17.38,40217774.0
2022-04-07,17.14,17.2501,16.37,16.95,42285211.0
2022-04-08,16.87,17.02,16.57,16.59,22627656.0
2022-04-09,,,,,
2022-04-10,,,,,
2022-04-11,16.5,17.23,16.41,16.97,24886185.0
2022-04-12,17.13,17.16,16.69,17.13,31461618.0
2022-04-13,17.88,18.99,17.86,18.95,90231903.0
2022-04-14,18.99,19.49,18.88,19.0,43180700.0
2022-04-15,,,,,
2022-04-16,,,,,
2022-04-17,,,,,
2022-04-18,18.86,19.09,18.47,18.54,27478852.0
2022-04-19,18.86,19.8,18.86,19.59,41227991.0
2022-04-20,19.66,20.07,19.47,19.48,39978742.0
2022-04-21,21.255,21.42,20.11,20.22,84042908.0
2022-04-22,20.6,21.15,20.065,20.18,42141923.0
2022-04-23,,,,,
2022-04-24,,,,,
2022-04-25,19.975,20.15,19.48,19.98,37047835.0
2022-04-26,19.84,19.98,18.76,18.77,33220627.0
2022-04-27,18.675,19.18,18.47,18.97,31101312.0
2022-04-28,19.13,19.5574,18.635,19.43,27601003.0
2022-04-29,19.15,19.51,18.72,18.77,24044935.0
2022-04-30,,,,,
2022-05-01,,,,,
2022-05-02,18.75,18.955,18.0337,18.56,32639376.0
2022-05-03,18.68,19.3442,18.34,19.13,30334206.0
2022-05-04,18.83,19.64,18.75,19.62,30633584.0
2022-05-05,19.25,19.515,18.38,18.54,32054522.0
2022-05-06,18.45,18.47,17.61,17.84,34359983.0
2022-05-07,,,,,
2022-05-08,,,,,
2022-05-09,17.36,17.575,16.21,16.32,37938935.0
2022-05-10,16.81,16.89,16.185,16.57,35775635.0
2022-05-11,16.55,17.085,15.905,15.97,34913250.0
2022-05-12,15.71,16.13,15.09,15.49,40155375.0
2022-05-13,15.84,16.6484,15.82,16.58,31753104.0
2022-05-14,,,,,
2022-05-15,,,,,
2022-05-16,16.5,17.027,16.42,16.55,25223391.0
2022-05-17,17.16,17.83,17.065,17.82,28978505.0
2022-05-18,17.45,17.835,16.78,16.89,29441894.0
2022-05-19,16.63,17.14,16.57,16.75,28299755.0
2022-05-20,17.06,17.16,15.83,16.26,34090605.0
2022-05-21,,,,,
2022-05-22,,,,,
2022-05-23,16.43,16.86,16.14,16.75,24684495.0
2022-05-24,16.53,16.53,15.32,15.5,38817370.0
2022-05-25,15.44,16.18,15.405,16.13,31846931.0
2022-05-26,16.37,17.4184,16.31,17.24,33955209.0
2022-05-27,17.45,18.21,17.34,18.13,27615591.0
2022-05-28,,,,,
2022-05-29,,,,,
2022-05-30,,,,,
2022-05-31,17.7,18.22,17.51,17.87,31158272.0
2022-06-01,18.07,18.1,16.98,17.29,32637945.0
2022-06-02,17.27,17.51,17.175,17.46,23337749.0
2022-06-03,17.0,17.05,16.09,16.22,46267565.0
2022-06-04,,,,,
